route,date,day_type,boardings,expected,ratio
1,2025-01-01,holiday,1860,7277.00,0.26
1,2025-01-19,sunday,10629,7624.00,1.39
7,2025-01-01,holiday,5795,12672.00,0.46
7,2025-04-01,workday,41300,29870.00,1.38
7,2025-04-03,workday,50676,29870.00,1.70
7,2025-04-04,workday,43599,30012.00,1.45
11,2025-01-01,holiday,9002,16743.00,0.54
11,2025-04-05,saturday,11507,25419.00,0.45
11,2025-04-06,sunday,11004,20710.00,0.53
12,2025-01-01,holiday,7665,16370.00,0.47
12,2025-04-01,workday,22509,39421.00,0.57
12,2025-04-02,workday,24967,39421.00,0.63
12,2025-04-03,workday,24985,39421.00,0.63
12,2025-04-04,workday,24715,39229.00,0.63
12,2025-04-06,sunday,12921,20035.00,0.64
17,2025-01-01,holiday,18089,32035.00,0.56
17,2025-04-05,saturday,13759,40699.00,0.34
17,2025-04-06,sunday,7562,33660.00,0.22
17,2025-04-12,saturday,5187,33851.00,0.15
17,2025-04-13,sunday,4043,29652.00,0.14
17,2025-04-26,saturday,673,32518.00,0.02
17,2025-04-27,sunday,323,29652.00,0.01
25,2025-04-02,workday,14219,7795.00,1.82
25,2025-04-06,sunday,2800,5353.00,0.52
25,2025-05-01,holiday,3004,5120.00,0.59
25,2025-05-11,sunday,3282,5065.00,0.65
25,2025-07-04,workday,8174,5935.00,1.38
25,2025-08-16,saturday,7199,4719.00,1.53
26,2025-01-01,holiday,3987,8026.00,0.50
26,2025-04-01,workday,31131,21785.00,1.43
26,2025-04-02,workday,32205,21785.00,1.48
26,2025-04-04,workday,29979,21785.00,1.38
26,2025-04-05,saturday,19748,13558.00,1.46
26,2025-05-11,sunday,5870,9282.00,0.63
28,2025-01-01,holiday,2413,4926.00,0.49
28,2025-04-04,workday,15738,11630.00,1.35
28,2025-05-25,sunday,7263,5134.00,1.41
28,2025-09-22,workday,6295,11059.00,0.57
28,2025-09-23,workday,6041,11063.00,0.55
28,2025-09-24,workday,6719,11154.00,0.60
50,2025-01-01,holiday,3606,8082.00,0.45
50,2025-08-11,workday,14702,22754.00,0.65
50,2025-08-15,workday,13928,22754.00,0.61
50,2025-09-06,saturday,86,2736.00,0.03
50,2025-09-07,sunday,20,206.00,0.10
50,2025-09-13,saturday,2736,304.00,9.00
50,2025-09-14,sunday,15,85.00,0.18
50,2025-09-21,sunday,0,20.00,0.00
50,2025-09-27,saturday,20,304.00,0.07
50,2025-09-28,sunday,206,20.00,10.30
50,2025-10-01,workday,39898,25223.00,1.58
50,2025-10-04,saturday,184,304.00,0.61
50,2025-10-11,saturday,718,244.00,2.94
50,2025-10-12,sunday,8,145.50,0.05
50,2025-10-18,saturday,1784,184.00,9.70
50,2025-10-19,sunday,2560,206.00,12.43
50,2025-10-25,saturday,88,451.00,0.20
50,2025-10-26,sunday,1015,550.00,1.85
