date,resid,day_type,temp,precip,rain,snow,wind,temp_anom,is_work,heavy_precip,frost
2025-01-13,-0.0006,workday,-2.2294,0.8000,0.0000,0.5600,8.9941,-1.2456,1,0,0.0000
2025-01-14,0.0059,workday,-4.6412,2.0000,0.1000,1.3300,14.7000,-3.8132,1,0,0.0000
2025-01-15,0.0216,workday,0.2824,0.1000,0.0000,0.0700,11.4706,0.9173,1,0,0.0000
2025-01-16,-0.0026,workday,-0.7294,3.8000,0.5000,2.3100,13.1412,-0.2171,1,0,0.0000
2025-01-17,-0.0023,workday,2.5882,0.0000,0.0000,0.0000,15.4882,2.9199,1,0,0.0000
2025-01-18,0.0109,saturday,1.2706,1.7000,1.6000,0.0700,14.9588,1.6676,0,0,0.0000
2025-01-19,0.1078,sunday,-0.7059,0.0000,0.0000,0.0000,13.2882,-0.4528,0,0,0.0000
2025-01-20,-0.0078,workday,0.7471,0.0000,0.0000,0.0000,14.7000,0.9080,1,0,0.0000
2025-01-21,0.0114,workday,-6.5176,0.0000,0.0000,0.0000,6.1118,-6.4843,1,0,0.0000
2025-01-22,-0.0087,workday,-4.9294,0.9000,0.0000,0.6300,13.4941,-5.0328,1,0,0.0000
2025-01-23,0.0385,workday,-2.7353,0.0000,0.0000,0.0000,11.2235,-2.7554,1,0,0.0000
2025-01-24,-0.0002,workday,-1.8412,0.0000,0.0000,0.0000,8.2588,-1.6573,1,0,0.0000
2025-01-25,-0.0069,saturday,-0.1882,0.0000,0.0000,0.0000,9.3118,0.1216,0,0,0.0000
2025-01-26,-0.0268,sunday,2.0529,0.2000,0.1000,0.0700,11.3706,2.5757,0,0,0.0000
2025-01-27,-0.0337,workday,3.9588,0.5000,0.5000,0.0000,14.2647,4.7731,1,0,0.0000
2025-01-28,0.0052,workday,3.4000,0.1000,0.1000,0.0000,9.6118,4.3875,1,0,0.0000
2025-01-29,-0.0409,workday,3.5353,0.1000,0.1000,0.0000,9.4471,4.6778,1,0,0.0000
2025-01-30,-0.0040,workday,4.9647,0.0000,0.0000,0.0000,12.1824,6.1706,1,0,0.0000
2025-01-31,0.0000,workday,3.1647,0.0000,0.0000,0.0000,9.5118,4.6552,1,0,0.0000
2025-02-01,-0.0423,saturday,2.9353,0.7000,0.7000,0.0000,12.8118,4.7378,0,0,0.0000
2025-02-02,-0.0283,sunday,0.2647,0.4000,0.0000,0.2800,10.8647,2.5239,0,0,0.0000
2025-02-03,-0.0455,workday,-0.5765,0.1000,0.0000,0.0700,6.6824,2.0292,1,0,0.0000
2025-02-04,-0.0054,workday,-1.7882,0.0000,0.0000,0.0000,2.6353,1.0154,1,0,0.0000
2025-02-05,-0.0190,workday,-1.2529,0.0000,0.0000,0.0000,11.6471,1.8643,1,0,0.0000
2025-02-06,0.0396,workday,-1.6588,0.0000,0.0000,0.0000,5.9412,1.4759,1,0,0.0000
2025-02-07,-0.0060,workday,-3.8765,0.0000,0.0000,0.0000,8.0529,-0.6812,1,0,0.0000
2025-02-08,-0.0120,saturday,-3.9471,0.0000,0.0000,0.0000,3.8118,-0.5622,0,0,0.0000
2025-02-09,-0.0039,sunday,-4.5647,0.0000,0.0000,0.0000,1.6824,-0.9454,0,0,0.0000
2025-02-10,0.0090,workday,-5.0824,0.0000,0.0000,0.0000,4.7294,-1.2027,1,0,0.0000
2025-02-11,0.0232,workday,-5.8941,0.0000,0.0000,0.0000,4.8706,-1.7725,1,0,0.0000
2025-02-12,0.0334,workday,-6.6176,0.0000,0.0000,0.0000,8.2882,-2.2049,1,0,0.0000
2025-02-13,0.0165,workday,-7.0353,0.0000,0.0000,0.0000,5.7118,-2.4395,1,0,0.0000
2025-02-14,-0.0005,workday,-6.6059,0.2000,0.0000,0.2100,6.8235,-1.9017,1,0,0.0000
2025-02-15,0.0064,saturday,-8.5412,0.2000,0.0000,0.1400,10.3176,-3.6537,0,0,0.0000
2025-02-16,-0.0401,sunday,-10.4000,0.3000,0.0000,0.2100,9.8118,-5.4118,0,0,0.4000
2025-02-17,-0.0254,workday,-11.5706,0.0000,0.0000,0.0000,10.8353,-6.5454,1,0,1.5706
2025-02-18,-0.0374,workday,-9.4706,0.3000,0.0000,0.2100,5.9824,-4.4865,1,0,0.0000
2025-02-19,-0.0185,workday,-6.8412,0.1000,0.0000,0.0700,5.0412,-2.0317,1,0,0.0000
2025-02-20,0.0046,workday,-8.9765,0.0000,0.0000,0.0000,4.7706,-4.4503,1,0,0.0000
2025-02-21,-0.0015,workday,-7.0588,0.0000,0.0000,0.0000,7.6941,-2.7334,1,0,0.0000
2025-02-22,0.0591,saturday,-6.8059,0.0000,0.0000,0.0000,5.5118,-2.7433,0,0,0.0000
2025-02-24,-0.0459,workday,-9.1118,0.0000,0.0000,0.0000,6.1176,-5.7040,1,0,0.0000
2025-02-25,-0.0108,workday,-8.2588,0.0000,0.0000,0.0000,2.0176,-5.2658,1,0,0.0000
2025-02-26,-0.0009,workday,-5.4471,0.0000,0.0000,0.0000,4.7353,-2.8577,1,0,0.0000
2025-02-27,0.0510,workday,-5.0647,0.0000,0.0000,0.0000,3.9824,-2.9869,1,0,0.0000
2025-02-28,0.0087,workday,-2.2765,0.0000,0.0000,0.0000,5.0647,-0.4161,1,0,0.0000
2025-03-01,0.0078,saturday,0.1765,0.0000,0.0000,0.0000,7.9176,1.7854,0,0,0.0000
2025-03-02,-0.0165,sunday,-0.7176,0.4000,0.0000,0.2800,5.6529,0.7387,0,0,0.0000
2025-03-03,-0.0365,workday,0.0412,1.0000,0.0000,0.7000,7.5529,1.2649,1,0,0.0000
2025-03-04,0.0110,workday,1.7882,2.6000,1.4000,0.8400,12.6176,2.6520,1,0,0.0000
2025-03-05,0.0192,workday,1.5412,1.4000,0.2000,0.8400,15.5647,1.8992,1,0,0.0000
2025-03-06,0.0331,workday,4.8353,1.3000,1.3000,0.0000,16.0765,4.7068,1,0,0.0000
2025-03-07,0.0554,workday,6.9941,0.0000,0.0000,0.0000,16.0471,6.5972,1,0,0.0000
2025-03-09,0.0363,sunday,6.4882,0.0000,0.0000,0.0000,9.6529,5.3343,0,0,0.0000
2025-03-10,0.0049,workday,4.8941,0.0000,0.0000,0.0000,9.0647,3.3973,1,0,0.0000
2025-03-11,0.0007,workday,7.5824,0.2000,0.2000,0.0000,12.2059,5.6894,1,0,0.0000
2025-03-12,0.0123,workday,8.2941,3.4000,3.4000,0.0000,6.0882,5.9298,1,0,0.0000
2025-03-13,0.0171,workday,7.4294,0.0000,0.0000,0.0000,11.2000,4.5649,1,0,0.0000
2025-03-14,-0.0522,workday,9.9647,1.7000,1.7000,0.0000,22.8118,6.6490,1,0,0.0000
2025-03-15,0.0000,saturday,0.1235,0.0000,0.0000,0.0000,6.9824,-3.6288,0,0,0.0000
2025-03-16,0.0000,sunday,0.7588,0.0000,0.0000,0.0000,9.3118,-3.4144,0,0,0.0000
2025-03-17,-0.0172,workday,-1.8765,1.8000,0.0000,1.2600,11.8824,-6.3393,1,0,0.0000
2025-03-18,0.0139,workday,-1.3294,0.0000,0.0000,0.0000,6.2000,-6.1175,1,0,0.0000
2025-03-19,-0.0023,workday,0.7588,0.9000,0.3000,0.4200,15.4235,-4.3330,1,0,0.0000
2025-03-20,0.0467,workday,4.1059,0.0000,0.0000,0.0000,9.4941,-1.2689,1,0,0.0000
2025-03-21,0.0002,workday,5.6118,0.0000,0.0000,0.0000,9.7765,0.1440,1,0,0.0000
2025-03-22,0.0125,saturday,1.4824,0.0000,0.0000,0.0000,11.5235,-3.7577,0,0,0.0000
2025-03-23,-0.0162,sunday,1.7353,0.0000,0.0000,0.0000,6.0235,-3.2514,0,0,0.0000
2025-03-24,-0.0107,workday,5.6941,0.0000,0.0000,0.0000,12.0059,0.9082,1,0,0.0000
2025-03-25,-0.0144,workday,3.8235,4.6000,4.4000,0.1400,13.9471,-0.6890,1,0,0.0000
2025-03-26,0.0040,workday,3.6706,0.0000,0.0000,0.0000,3.7000,-0.6497,1,0,0.0000
2025-03-27,0.0219,workday,5.5000,1.8000,1.8000,0.0000,6.8176,1.4231,1,0,0.0000
2025-03-28,0.0202,workday,7.2471,0.1000,0.1000,0.0000,3.0353,3.4296,1,0,0.0000
2025-03-29,0.0066,saturday,8.5412,0.0000,0.0000,0.0000,3.2882,4.8281,0,0,0.0000
2025-03-30,0.0484,sunday,8.4706,0.0000,0.0000,0.0000,6.9706,4.8222,0,0,0.0000
2025-03-31,0.0225,workday,10.7706,0.0000,0.0000,0.0000,8.2706,6.7027,1,0,0.0000
2025-04-01,-0.0252,workday,9.1529,5.9000,5.9000,0.0000,11.5000,4.6288,1,0,0.0000
2025-04-02,-0.1461,workday,9.3647,0.0000,0.0000,0.0000,10.9588,4.3307,1,0,0.0000
2025-04-03,-0.1772,workday,9.4588,0.0000,0.0000,0.0000,8.0235,3.8051,1,0,0.0000
2025-04-04,0.1318,workday,10.5588,0.0000,0.0000,0.0000,15.4353,4.2949,1,0,0.0000
2025-04-05,0.1467,saturday,4.4235,0.1000,0.1000,0.0000,9.7765,-2.3490,0,0,0.0000
2025-04-06,-0.0179,sunday,-2.2235,8.8000,0.0000,6.1600,18.8529,-9.4780,0,0,0.0000
2025-04-07,-0.0371,workday,-0.8588,8.3000,0.0000,5.8100,9.5647,-8.6943,1,0,0.0000
2025-04-08,-0.0132,workday,-1.2529,6.2000,0.1000,4.2700,11.6471,-9.6941,1,0,0.0000
2025-04-09,0.0639,workday,-1.9882,1.1000,0.0000,0.7700,14.5471,-10.7543,1,0,0.0000
2025-04-10,0.0139,workday,-1.0647,1.0000,0.0000,0.7000,6.5941,-10.1444,1,0,0.0000
2025-04-11,-0.0262,workday,0.0353,0.0000,0.0000,0.0000,9.0176,-9.0789,1,0,0.0000
2025-04-12,-0.0008,saturday,0.2529,0.2000,0.0000,0.1400,11.2471,-8.7913,0,0,0.0000
2025-04-13,0.0784,sunday,4.1941,0.0000,0.0000,0.0000,3.9000,-4.8361,0,0,0.0000
2025-04-14,0.0044,workday,7.9588,0.0000,0.0000,0.0000,10.0412,-1.0681,1,0,0.0000
2025-04-15,0.0388,workday,13.1294,0.0000,0.0000,0.0000,11.6882,4.1021,1,0,0.0000
2025-04-16,0.0733,workday,14.9000,0.0000,0.0000,0.0000,5.0529,5.9989,1,0,0.0000
2025-04-17,-0.0014,workday,13.9294,0.0000,0.0000,0.0000,9.3647,5.1748,1,0,0.0000
2025-04-18,0.0040,workday,17.8824,0.4000,0.4000,0.0000,6.5647,9.1080,1,0,0.0000
2025-04-19,0.1506,saturday,19.6765,0.0000,0.0000,0.0000,9.6882,10.7774,0,0,0.0000
2025-04-20,0.0797,sunday,19.8706,0.0000,0.0000,0.0000,10.7765,10.9577,0,0,0.0000
2025-04-21,0.0107,workday,20.5529,0.0000,0.0000,0.0000,12.4000,11.5296,1,0,0.0000
2025-04-22,0.0372,workday,19.4941,0.1000,0.1000,0.0000,7.8118,10.0541,1,0,0.0000
2025-04-23,0.0505,workday,20.5118,0.3000,0.3000,0.0000,10.4941,10.8142,1,0,0.0000
2025-04-24,0.0400,workday,15.7647,0.0000,0.0000,0.0000,8.9353,5.8083,1,0,0.0000
2025-04-25,-0.0040,workday,13.5471,3.3000,3.3000,0.0000,11.2706,3.2968,1,0,0.0000
2025-04-26,0.0365,saturday,4.7412,0.0000,0.0000,0.0000,16.9235,-5.7338,0,0,0.0000
2025-04-27,-0.0116,sunday,3.3294,0.3000,0.0000,0.2100,14.7706,-7.3319,0,0,0.0000
2025-04-28,0.0072,workday,6.8118,0.0000,0.0000,0.0000,13.0706,-4.0746,1,0,0.0000
2025-04-29,0.0022,workday,8.4412,2.7000,2.7000,0.0000,15.4412,-2.6402,1,0,0.0000
2025-04-30,-0.0121,workday,8.4824,1.3000,1.3000,0.0000,12.1000,-2.7729,1,0,0.0000
2025-05-03,-0.2303,saturday,9.9765,0.3000,0.3000,0.0000,11.7118,-1.5907,0,0,0.0000
2025-05-04,-0.0895,sunday,13.3235,7.4000,7.4000,0.0000,7.3941,1.8636,0,0,0.0000
2025-05-05,-0.1032,workday,10.9882,0.6000,0.6000,0.0000,16.2353,-0.2666,1,0,0.0000
2025-05-06,-0.0447,workday,7.8471,0.0000,0.0000,0.0000,10.6824,-3.2833,1,0,0.0000
2025-05-07,-0.0625,workday,10.6941,0.1000,0.1000,0.0000,7.3529,-0.3685,1,0,0.0000
2025-05-10,-0.2158,saturday,7.1235,1.8000,1.8000,0.0000,11.5882,-4.4389,0,0,0.0000
2025-05-11,-0.1652,sunday,5.9000,1.2000,1.2000,0.0000,14.3882,-6.0252,0,0,0.0000
2025-05-12,-0.0500,workday,5.8118,2.7000,2.7000,0.0000,10.2941,-6.7264,1,0,0.0000
2025-05-13,0.0045,workday,7.2294,6.7000,6.7000,0.0000,5.8353,-5.9719,1,0,0.0000
2025-05-14,0.0099,workday,10.2412,0.7000,0.7000,0.0000,7.9059,-3.5638,1,0,0.0000
2025-05-15,0.0412,workday,13.3471,0.1000,0.1000,0.0000,8.9000,-0.9495,1,0,0.0000
2025-05-16,0.0004,workday,17.2765,0.0000,0.0000,0.0000,10.5529,2.5454,1,0,0.0000
2025-05-17,0.0897,saturday,17.5294,0.0000,0.0000,0.0000,10.8706,2.4106,0,0,0.0000
2025-05-18,0.0344,sunday,16.8235,1.4000,1.4000,0.0000,14.8000,1.2211,0,0,0.0000
2025-05-19,-0.0001,workday,14.5588,1.7000,1.7000,0.0000,11.8529,-1.3886,1,0,0.0000
2025-05-20,0.0183,workday,13.3176,2.1000,2.1000,0.0000,9.1294,-2.8300,1,0,0.0000
2025-05-21,0.0386,workday,16.0118,0.8000,0.8000,0.0000,9.5647,-0.4835,1,0,0.0000
2025-05-22,0.0603,workday,18.4529,0.0000,0.0000,0.0000,3.8412,1.4738,1,0,0.0000
2025-05-23,0.0363,workday,22.1235,0.0000,0.0000,0.0000,10.8059,4.7173,1,0,0.0000
2025-05-24,0.1153,saturday,24.2294,0.0000,0.0000,0.0000,9.9118,6.3009,0,0,0.0000
2025-05-25,0.1476,sunday,24.9118,0.0000,0.0000,0.0000,12.5353,6.4427,0,0,0.0000
2025-05-26,-0.0233,workday,24.7941,0.0000,0.0000,0.0000,16.9000,5.9717,1,0,0.0000
2025-05-27,0.0551,workday,23.7412,0.0000,0.0000,0.0000,14.4824,4.5448,1,0,0.0000
2025-05-28,0.0586,workday,23.8882,0.0000,0.0000,0.0000,14.3706,4.2753,1,0,0.0000
2025-05-29,0.0331,workday,25.5235,0.1000,0.1000,0.0000,14.5294,5.5924,1,0,0.0000
2025-05-30,-0.0125,workday,23.6824,0.1000,0.1000,0.0000,10.4765,3.5939,1,0,0.0000
2025-05-31,0.0073,saturday,21.9529,1.9000,1.9000,0.0000,6.4353,1.7894,0,0,0.0000
2025-06-01,0.1505,sunday,18.8765,0.1000,0.1000,0.0000,14.2000,-1.3831,0,0,0.0000
2025-06-02,-0.0081,workday,19.6059,0.0000,0.0000,0.0000,10.2882,-0.6954,1,0,0.0000
2025-06-03,0.0196,workday,20.6706,0.1000,0.1000,0.0000,11.7941,0.3689,1,0,0.0000
2025-06-04,0.0040,workday,19.5294,0.4000,0.4000,0.0000,10.9176,-0.8032,1,0,0.0000
2025-06-05,0.0307,workday,21.7647,0.0000,0.0000,0.0000,7.7412,1.4055,1,0,0.0000
2025-06-06,0.0021,workday,22.8471,2.7000,2.7000,0.0000,11.7765,2.5469,1,0,0.0000
2025-06-07,0.0061,saturday,23.9353,3.3000,3.3000,0.0000,9.7353,3.7761,0,0,0.0000
2025-06-08,-0.0534,sunday,23.3118,1.9000,1.9000,0.0000,10.4294,3.3250,0,0,0.0000
2025-06-09,-0.0288,workday,23.5294,1.7000,1.7000,0.0000,14.8412,3.7518,1,0,0.0000
2025-06-10,0.0138,workday,18.0765,0.0000,0.0000,0.0000,13.5824,-1.4419,1,0,0.0000
2025-06-11,0.0121,workday,17.4941,0.0000,0.0000,0.0000,5.0471,-1.7641,1,0,0.0000
2025-06-14,-0.3004,saturday,15.1176,7.5000,7.5000,0.0000,13.5882,-3.4598,0,0,0.0000
2025-06-15,-0.0566,sunday,15.6765,2.5000,2.5000,0.0000,14.2706,-2.5503,0,0,0.0000
2025-06-16,0.0060,workday,20.2529,0.0000,0.0000,0.0000,8.0824,2.3089,1,0,0.0000
2025-06-17,-0.0141,workday,18.8235,5.2000,5.2000,0.0000,4.8706,0.9526,1,0,0.0000
2025-06-18,-0.0487,workday,16.8353,3.8000,3.8000,0.0000,6.1706,-1.1002,1,0,0.0000
2025-06-19,-0.0191,workday,15.5176,4.4000,4.4000,0.0000,12.3824,-2.4598,1,0,0.0000
2025-06-20,-0.0757,workday,14.1412,7.8000,7.8000,0.0000,12.3471,-3.7700,1,0,0.0000
2025-06-21,0.0155,saturday,14.1824,0.0000,0.0000,0.0000,13.4118,-3.5926,0,0,0.0000
2025-06-22,0.0100,sunday,14.0824,2.6000,2.6000,0.0000,8.2118,-3.7194,0,0,0.0000
2025-06-23,0.0169,workday,16.7765,0.0000,0.0000,0.0000,6.7588,-1.1142,1,0,0.0000
2025-06-24,0.0121,workday,17.7471,1.9000,1.9000,0.0000,13.6706,-0.2693,1,0,0.0000
2025-06-25,0.0050,workday,16.8765,1.8000,1.8000,0.0000,14.4176,-1.3336,1,0,0.0000
2025-06-26,0.0656,workday,16.7294,1.1000,1.1000,0.0000,12.4000,-1.8892,1,0,0.0000
2025-06-27,-0.0115,workday,15.5941,0.0000,0.0000,0.0000,14.3941,-3.4258,1,0,0.0000
2025-06-28,0.0571,saturday,18.4588,0.0000,0.0000,0.0000,3.4176,-0.8342,0,0,0.0000
2025-06-29,-0.0541,sunday,17.9941,7.0000,7.0000,0.0000,12.3235,-1.5497,0,0,0.0000
2025-06-30,-0.0312,workday,12.8118,7.8000,7.8000,0.0000,16.2588,-6.9892,1,0,0.0000
2025-07-01,-0.0094,workday,13.1882,5.0000,5.0000,0.0000,19.5882,-6.8066,1,0,0.0000
2025-07-02,0.0146,workday,16.6118,1.5000,1.5000,0.0000,15.0882,-3.4425,1,0,0.0000
2025-07-03,0.0789,workday,21.6059,0.0000,0.0000,0.0000,10.9294,1.4207,1,0,0.0000
2025-07-04,-0.0036,workday,21.9706,1.5000,1.5000,0.0000,12.4647,1.5951,1,0,0.0000
2025-07-05,0.1064,saturday,17.4765,0.0000,0.0000,0.0000,10.8176,-3.1319,0,0,0.0000
2025-07-06,0.0617,sunday,17.5412,0.1000,0.1000,0.0000,9.5471,-3.2228,0,0,0.0000
2025-07-07,-0.0144,workday,23.6765,0.1000,0.1000,0.0000,10.8765,2.7102,1,0,0.0000
2025-07-08,0.0198,workday,26.6941,1.6000,1.6000,0.0000,12.3941,5.4863,1,0,0.0000
2025-07-09,-0.0245,workday,27.2059,1.5000,1.5000,0.0000,6.8294,5.8167,1,0,0.0000
2025-07-10,-0.0122,workday,29.5353,0.0000,0.0000,0.0000,11.8647,7.9416,1,0,0.0000
2025-07-11,-0.0672,workday,30.7412,0.0000,0.0000,0.0000,12.5529,8.9744,1,0,0.0000
2025-07-12,-0.1868,saturday,29.9353,0.6000,0.6000,0.0000,9.0706,7.9313,0,0,0.0000
2025-07-13,-0.0431,sunday,27.1882,3.1000,3.1000,0.0000,8.8471,4.8368,0,0,0.0000
2025-07-14,-0.0633,workday,24.8706,1.5000,1.5000,0.0000,5.1471,2.2512,1,0,0.0000
2025-07-15,-0.0697,workday,23.0882,9.0000,9.0000,0.0000,3.7706,0.1924,1,0,0.0000
2025-07-16,-0.0004,workday,21.6882,7.4000,7.4000,0.0000,4.8412,-1.6529,1,0,0.0000
2025-07-17,0.0251,workday,22.0941,5.5000,5.5000,0.0000,5.2118,-1.5433,1,0,0.0000
2025-07-18,0.0378,workday,22.8824,0.0000,0.0000,0.0000,10.8588,-0.9201,1,0,0.0000
2025-07-19,-0.0296,saturday,22.7353,1.4000,1.4000,0.0000,13.0059,-1.0932,0,0,0.0000
2025-07-20,-0.0349,sunday,22.7353,0.5000,0.5000,0.0000,13.7824,-1.0237,0,0,0.0000
2025-07-21,-0.1783,workday,18.9647,24.5000,24.5000,0.0000,9.1353,-4.9171,1,1,0.0000
2025-07-22,-0.0086,workday,20.4529,2.4000,2.4000,0.0000,6.5294,-3.5734,1,0,0.0000
2025-07-23,0.0055,workday,21.5706,1.4000,1.4000,0.0000,6.2882,-2.2780,1,0,0.0000
2025-07-24,0.0163,workday,22.4000,3.0000,3.0000,0.0000,5.3294,-1.1765,1,0,0.0000
2025-07-25,-0.0009,workday,24.0882,0.0000,0.0000,0.0000,5.5765,0.8567,1,0,0.0000
2025-07-26,0.0145,saturday,22.2412,0.0000,0.0000,0.0000,6.9000,-0.6387,0,0,0.0000
2025-07-27,0.0089,sunday,24.0824,0.0000,0.0000,0.0000,5.8059,1.6442,0,0,0.0000
2025-07-28,-0.0035,workday,26.3647,0.0000,0.0000,0.0000,5.0059,4.3321,1,0,0.0000
2025-07-29,0.0205,workday,26.7647,0.2000,0.2000,0.0000,6.6765,5.0370,1,0,0.0000
2025-07-30,0.0165,workday,26.5647,0.1000,0.1000,0.0000,7.7824,5.1298,1,0,0.0000
2025-07-31,-0.0192,workday,26.6176,0.1000,0.1000,0.0000,9.7000,5.2964,1,0,0.0000
2025-08-01,-0.0764,workday,22.3706,17.5000,17.5000,0.0000,10.7000,1.1180,1,1,0.0000
2025-08-02,0.0317,saturday,21.7294,0.7000,0.7000,0.0000,8.5706,0.6161,0,0,0.0000
2025-08-03,0.0309,sunday,22.4118,0.2000,0.2000,0.0000,5.9412,1.5662,0,0,0.0000
2025-08-04,-0.1248,workday,19.8176,21.1000,21.1000,0.0000,8.5765,-0.8577,1,1,0.0000
2025-08-05,-0.0155,workday,21.2824,3.1000,3.1000,0.0000,9.2588,0.7670,1,0,0.0000
2025-08-06,0.0351,workday,22.0235,0.0000,0.0000,0.0000,8.1882,1.6581,1,0,0.0000
2025-08-07,-0.0392,workday,18.1647,5.2000,5.2000,0.0000,8.0000,-2.0021,1,0,0.0000
2025-08-08,-0.0450,workday,18.2588,0.1000,0.1000,0.0000,8.6059,-1.6922,1,0,0.0000
2025-08-09,-0.0637,saturday,16.5118,10.3000,10.3000,0.0000,7.4529,-3.2068,0,1,0.0000
2025-08-10,0.0080,sunday,18.6353,0.1000,0.1000,0.0000,7.8471,-0.7317,0,0,0.0000
2025-08-11,-0.0429,workday,17.0471,1.9000,1.9000,0.0000,4.4706,-2.0116,1,0,0.0000
2025-08-12,-0.0214,workday,17.3647,5.0000,5.0000,0.0000,9.4765,-1.3455,1,0,0.0000
2025-08-13,0.0282,workday,17.7353,1.0000,1.0000,0.0000,11.0882,-0.6019,1,0,0.0000
2025-08-14,-0.0187,workday,15.7941,0.5000,0.5000,0.0000,11.4941,-2.2235,1,0,0.0000
2025-08-15,-0.0503,workday,19.5647,0.0000,0.0000,0.0000,10.7706,1.6615,1,0,0.0000
2025-08-16,0.0394,saturday,19.5588,0.0000,0.0000,0.0000,9.2647,1.7765,0,0,0.0000
2025-08-17,-0.0395,sunday,17.7765,0.3000,0.3000,0.0000,9.4824,0.1042,0,0,0.0000
2025-08-18,-0.0518,workday,14.5824,4.2000,4.2000,0.0000,7.7235,-2.8757,1,0,0.0000
2025-08-19,-0.0019,workday,17.4588,0.5000,0.5000,0.0000,12.9647,0.2173,1,0,0.0000
2025-08-20,-0.0337,workday,17.7765,6.3000,6.3000,0.0000,12.6294,0.6668,1,0,0.0000
2025-08-21,-0.0478,workday,14.3176,6.2000,6.2000,0.0000,6.0176,-2.6509,1,0,0.0000
2025-08-22,-0.0666,workday,14.2941,0.0000,0.0000,0.0000,5.9235,-2.5250,1,0,0.0000
2025-08-23,-0.0810,saturday,14.8824,0.0000,0.0000,0.0000,6.0353,-1.9370,0,0,0.0000
2025-08-24,-0.0361,sunday,15.1941,0.0000,0.0000,0.0000,5.4529,-1.6256,0,0,0.0000
2025-08-25,-0.0151,workday,13.1882,1.5000,1.5000,0.0000,12.4882,-3.6977,1,0,0.0000
2025-08-26,-0.0467,workday,12.6824,2.2000,2.2000,0.0000,11.5412,-4.1066,1,0,0.0000
2025-08-27,0.0097,workday,13.2824,1.0000,1.0000,0.0000,10.6000,-3.4860,1,0,0.0000
2025-08-28,0.0160,workday,14.8000,0.1000,0.1000,0.0000,13.0176,-1.8896,1,0,0.0000
2025-08-29,-0.0729,workday,16.8588,0.1000,0.1000,0.0000,7.6471,0.3032,1,0,0.0000
2025-08-30,0.1055,saturday,23.0176,0.0000,0.0000,0.0000,12.4471,6.5110,0,0,0.0000
2025-08-31,0.0951,sunday,22.8706,0.0000,0.0000,0.0000,5.9941,6.4787,0,0,0.0000
2025-09-01,0.0324,workday,18.9588,0.0000,0.0000,0.0000,11.1059,2.6389,1,0,0.0000
2025-09-02,0.0627,workday,15.0882,0.0000,0.0000,0.0000,14.5412,-1.1841,1,0,0.0000
2025-09-03,0.0358,workday,15.7000,0.0000,0.0000,0.0000,10.0765,-0.5748,1,0,0.0000
2025-09-04,0.0649,workday,15.7294,0.1000,0.1000,0.0000,7.8176,-0.3985,1,0,0.0000
2025-09-05,0.0574,workday,16.9059,0.0000,0.0000,0.0000,5.1706,0.9095,1,0,0.0000
2025-09-06,0.0095,saturday,17.3941,0.0000,0.0000,0.0000,6.1176,1.2717,0,0,0.0000
2025-09-07,-0.0035,sunday,18.1706,0.0000,0.0000,0.0000,6.7471,1.8250,0,0,0.0000
2025-09-08,0.0212,workday,18.2706,0.0000,0.0000,0.0000,6.6706,1.9457,1,0,0.0000
2025-09-09,0.0328,workday,18.5647,0.0000,0.0000,0.0000,6.8235,2.4412,1,0,0.0000
2025-09-10,0.0455,workday,15.6294,0.0000,0.0000,0.0000,4.8647,-0.3472,1,0,0.0000
2025-09-11,0.0298,workday,16.4059,0.0000,0.0000,0.0000,3.3529,0.5328,1,0,0.0000
2025-09-12,-0.0214,workday,14.9235,0.0000,0.0000,0.0000,8.8235,-0.8099,1,0,0.0000
2025-09-13,0.0075,saturday,13.5824,0.0000,0.0000,0.0000,6.3353,-1.9046,0,0,0.0000
2025-09-14,0.0087,sunday,14.2765,0.0000,0.0000,0.0000,6.0000,-0.8958,0,0,0.0000
2025-09-15,0.0229,workday,16.0059,0.0000,0.0000,0.0000,8.1471,1.3865,1,0,0.0000
2025-09-16,0.0260,workday,17.3294,0.0000,0.0000,0.0000,9.8118,3.2129,1,0,0.0000
2025-09-17,-0.0162,workday,16.3000,0.0000,0.0000,0.0000,10.5882,2.5302,1,0,0.0000
2025-09-18,0.0136,workday,14.6588,0.0000,0.0000,0.0000,8.6235,1.0844,1,0,0.0000
2025-09-19,-0.0130,workday,12.9059,3.2000,3.2000,0.0000,10.7294,-0.4949,1,0,0.0000
2025-09-20,-0.0222,saturday,13.7000,0.0000,0.0000,0.0000,12.6706,0.4670,0,0,0.0000
2025-09-21,-0.0142,sunday,18.2235,0.0000,0.0000,0.0000,10.4471,5.1676,0,0,0.0000
2025-09-22,-0.0089,workday,21.2118,0.0000,0.0000,0.0000,13.4000,8.3510,1,0,0.0000
2025-09-23,-0.0348,workday,14.2412,1.2000,1.2000,0.0000,8.6000,1.5935,1,0,0.0000
2025-09-24,-0.0162,workday,8.9529,0.1000,0.1000,0.0000,14.0059,-3.4805,1,0,0.0000
2025-09-25,-0.0208,workday,8.6353,0.4000,0.4000,0.0000,12.3294,-3.5290,1,0,0.0000
2025-09-26,-0.0338,workday,9.4706,0.0000,0.0000,0.0000,9.6647,-2.5241,1,0,0.0000
2025-09-27,-0.0780,saturday,8.9529,3.6000,3.6000,0.0000,7.2765,-2.7499,0,0,0.0000
2025-09-28,-0.0047,sunday,7.1588,0.3000,0.3000,0.0000,14.2529,-4.1861,0,0,0.0000
2025-09-29,-0.0203,workday,7.1059,0.0000,0.0000,0.0000,12.3765,-3.9493,1,0,0.0000
2025-09-30,0.0111,workday,5.8765,0.0000,0.0000,0.0000,5.2765,-4.8423,1,0,0.0000
2025-10-01,0.0101,workday,7.2824,0.0000,0.0000,0.0000,4.9412,-3.0708,1,0,0.0000
2025-10-02,0.0349,workday,8.2118,0.0000,0.0000,0.0000,7.3412,-1.8469,1,0,0.0000
2025-10-03,-0.0003,workday,9.0294,0.0000,0.0000,0.0000,7.4706,-0.6937,1,0,0.0000
2025-10-04,0.0357,saturday,10.3176,0.0000,0.0000,0.0000,11.1000,0.8734,0,0,0.0000
2025-10-05,-0.0265,sunday,10.5294,1.0000,1.0000,0.0000,11.5235,1.2966,0,0,0.0000
2025-10-06,-0.0447,workday,11.4176,2.4000,2.4000,0.0000,2.9706,2.4924,1,0,0.0000
2025-10-07,0.0199,workday,11.3412,0.6000,0.6000,0.0000,3.5706,2.8315,1,0,0.0000
2025-10-08,0.0148,workday,11.5647,0.0000,0.0000,0.0000,2.5882,3.5763,1,0,0.0000
2025-10-09,0.0239,workday,11.6294,0.7000,0.7000,0.0000,8.0353,3.8560,1,0,0.0000
2025-10-10,0.0097,workday,10.2235,1.1000,1.1000,0.0000,9.0941,2.4197,1,0,0.0000
2025-10-11,0.0333,saturday,10.3706,0.0000,0.0000,0.0000,6.6706,2.6137,0,0,0.0000
2025-10-12,0.0540,sunday,7.3588,0.6000,0.6000,0.0000,9.7647,-0.3197,0,0,0.0000
2025-10-13,-0.0378,workday,3.8294,11.9000,11.8000,0.0700,11.0824,-3.7603,1,1,0.0000
2025-10-14,0.0167,workday,4.6000,3.2000,3.2000,0.0000,12.1000,-2.9429,1,0,0.0000
2025-10-15,0.0333,workday,3.8471,5.0000,5.0000,0.0000,5.6294,-3.6628,1,0,0.0000
2025-10-16,0.0311,workday,4.6706,0.5000,0.5000,0.0000,9.1176,-2.8300,1,0,0.0000
2025-10-17,-0.0121,workday,8.2000,2.6000,2.6000,0.0000,13.0353,0.7548,1,0,0.0000
2025-10-18,0.0072,saturday,5.9000,0.0000,0.0000,0.0000,4.4235,-1.4545,0,0,0.0000
2025-10-19,-0.0068,sunday,6.0118,0.2000,0.2000,0.0000,10.0529,-1.2598,0,0,0.0000
2025-10-20,0.0021,workday,6.3529,0.0000,0.0000,0.0000,10.5529,-0.8581,1,0,0.0000
2025-10-21,-0.0108,workday,4.1647,0.9000,0.9000,0.0000,9.3294,-2.9176,1,0,0.0000
2025-10-22,0.0173,workday,5.3412,0.0000,0.0000,0.0000,4.5176,-1.6159,1,0,0.0000
2025-10-23,0.0269,workday,5.0529,0.1000,0.1000,0.0000,6.3529,-1.8230,1,0,0.0000
2025-10-24,-0.0063,workday,7.5765,1.6000,1.6000,0.0000,11.7000,0.7843,1,0,0.0000
2025-10-25,0.0000,saturday,9.8941,0.0000,0.0000,0.0000,14.7059,3.3044,0,0,0.0000
2025-10-26,-0.0391,sunday,7.1824,1.6000,1.6000,0.0000,13.3529,0.8209,0,0,0.0000
2025-10-27,-0.0096,workday,7.0412,1.6000,1.6000,0.0000,12.8647,0.8890,1,0,0.0000
2025-10-28,-0.0130,workday,6.2000,3.0000,3.0000,0.0000,10.3176,0.1677,1,0,0.0000
2025-10-29,0.0035,workday,5.7059,1.2000,1.2000,0.0000,8.1471,-0.3674,1,0,0.0000
2025-10-30,0.0039,workday,6.0824,0.0000,0.0000,0.0000,7.0176,-0.0330,1,0,0.0000
2025-10-31,-0.0867,workday,5.5882,9.9000,9.9000,0.0000,13.4647,-0.4000,1,0,0.0000
