fold,model,raw,oracle_level
C,без погоды,0.8371,0.8506
C,только осадки за день (-0.74 %/мм),0.8442,0.8525
C,осадки за день + мороз,0.8442,0.8525
C,"дождь по часам: пик -1.5 %, межпик -6.5 %",0.8389,0.8512
C,дождь по часам + мороз,0.8389,0.8512
C,день + дождь по часам + мороз,0.8428,0.8521
E,без погоды,0.8275,0.8614
E,только осадки за день (-0.74 %/мм),0.8394,0.8645
E,осадки за день + мороз,0.8394,0.8645
E,"дождь по часам: пик -1.5 %, межпик -6.5 %",0.8297,0.8626
E,дождь по часам + мороз,0.8297,0.8626
E,день + дождь по часам + мороз,0.8369,0.8650
A,без погоды,0.8137,0.8597
A,только осадки за день (-0.74 %/мм),0.8099,0.8588
A,осадки за день + мороз,0.8099,0.8588
A,"дождь по часам: пик -1.5 %, межпик -6.5 %",0.8129,0.8595
A,дождь по часам + мороз,0.8129,0.8595
A,день + дождь по часам + мороз,0.8109,0.8590
B,без погоды,0.9005,0.9103
B,только осадки за день (-0.74 %/мм),0.8976,0.9103
B,осадки за день + мороз,0.8976,0.9103
B,"дождь по часам: пик -1.5 %, межпик -6.5 %",0.9001,0.9104
B,дождь по часам + мороз,0.9001,0.9104
B,день + дождь по часам + мороз,0.8985,0.9104
