fold,variant,wape_score,level_aligned,bias_pct,gamma_score,gamma_pct
C: до 30.04 -> май-июнь,профиль 2 нед,0.83707,0.85312,5.71845,0.10204,0.00899
C: до 30.04 -> май-июнь,× трафик 62525 (балл и процент),0.84613,0.85502,3.77556,0.10204,0.00899
C: до 30.04 -> май-июнь,"× трафик 62525, только балл",0.84301,0.85512,4.65034,0.10204,0.00899
C: до 30.04 -> май-июнь,"× трафик 62525, только процент",0.84883,0.85492,2.90814,0.10204,0.00899
C: до 30.04 -> май-июнь,× сезон прошлых лет (как s30),0.85747,0.85713,-4.10878,0.10204,0.00899
C: до 30.04 -> май-июнь,× сезон прошлых лет и трафик,0.85668,0.85637,-0.24931,0.10204,0.00899
C: до 30.04 -> май-июнь,× городской трамвай 2025 (как s18),0.85855,0.85692,-2.97018,0.10204,0.00899
C: до 30.04 -> май-июнь,× городской трамвай 2025 и трафик,0.85663,0.85711,0.32740,0.10204,0.00899
C: до 30.04 -> май-июнь,× дневной балл ЦОДД,0.83776,0.85331,5.60618,0.10204,0.00899
E: до 30.06 -> июль-август,профиль 2 нед,0.82752,0.84891,9.24068,0.10400,0.00921
E: до 30.06 -> июль-август,× трафик 62525 (балл и процент),0.83527,0.84859,7.33162,0.10400,0.00921
E: до 30.06 -> июль-август,"× трафик 62525, только балл",0.82195,0.84891,10.38272,0.10400,0.00921
E: до 30.06 -> июль-август,"× трафик 62525, только процент",0.84349,0.84774,4.37370,0.10400,0.00921
E: до 30.06 -> июль-август,× сезон прошлых лет (как s30),0.84346,0.84852,-3.58991,0.10400,0.00921
E: до 30.06 -> июль-август,× сезон прошлых лет и трафик,0.84820,0.84856,1.72437,0.10400,0.00921
E: до 30.06 -> июль-август,× городской трамвай 2025 (как s18),0.84676,0.84856,-1.99095,0.10400,0.00921
E: до 30.06 -> июль-август,× городской трамвай 2025 и трафик,0.84774,0.84891,2.55865,0.10400,0.00921
E: до 30.06 -> июль-август,× дневной балл ЦОДД,0.82782,0.84905,9.21291,0.10400,0.00921
A: до 31.08 -> сентябрь-октябрь,профиль 2 нед,0.81368,0.85077,-12.59485,0.10222,0.00929
A: до 31.08 -> сентябрь-октябрь,× трафик 62525 (балл и процент),0.82826,0.85132,-9.79656,0.10222,0.00929
A: до 31.08 -> сентябрь-октябрь,"× трафик 62525, только балл",0.82571,0.85119,-10.32300,0.10222,0.00929
A: до 31.08 -> сентябрь-октябрь,"× трафик 62525, только процент",0.83072,0.85143,-9.26664,0.10222,0.00929
A: до 31.08 -> сентябрь-октябрь,× сезон прошлых лет (как s30),0.84424,0.85168,5.29047,0.10222,0.00929
A: до 31.08 -> сентябрь-октябрь,× сезон прошлых лет и трафик,0.85034,0.85157,-2.54608,0.10222,0.00929
A: до 31.08 -> сентябрь-октябрь,× городской трамвай 2025 (как s18),0.82448,0.85156,10.62018,0.10222,0.00929
A: до 31.08 -> сентябрь-октябрь,× городской трамвай 2025 и трафик,0.85168,0.85166,-0.11290,0.10222,0.00929
A: до 31.08 -> сентябрь-октябрь,× дневной балл ЦОДД,0.81662,0.85141,-12.13295,0.10222,0.00929
B: до 30.09 -> октябрь,профиль 2 нед,0.90055,0.90305,-3.57308,0.10663,0.00985
B: до 30.09 -> октябрь,× трафик 62525 (балл и процент),0.90286,0.90305,-2.09831,0.10663,0.00985
B: до 30.09 -> октябрь,"× трафик 62525, только балл",0.90237,0.90305,-2.53936,0.10663,0.00985
B: до 30.09 -> октябрь,"× трафик 62525, только процент",0.90321,0.90305,-1.65527,0.10663,0.00985
B: до 30.09 -> октябрь,× сезон прошлых лет (как s30),0.90303,0.90305,0.03025,0.10663,0.00985
B: до 30.09 -> октябрь,× сезон прошлых лет и трафик,0.90341,0.90305,-1.03975,0.10663,0.00985
B: до 30.09 -> октябрь,× городской трамвай 2025 (как s18),0.90078,0.90305,1.59177,0.10663,0.00985
B: до 30.09 -> октябрь,× городской трамвай 2025 и трафик,0.90323,0.90305,-0.27034,0.10663,0.00985
B: до 30.09 -> октябрь,× дневной балл ЦОДД,0.89996,0.90313,-3.84553,0.10663,0.00985
W: до 31.01 -> февраль-март,профиль 2 нед,0.90328,0.90803,-4.47708,0.10430,0.00928
W: до 31.01 -> февраль-март,× трафик 62525 (балл и процент),0.90716,0.90798,0.78290,0.10430,0.00928
W: до 31.01 -> февраль-март,"× трафик 62525, только балл",0.90696,0.90703,0.09285,0.10430,0.00928
W: до 31.01 -> февраль-март,"× трафик 62525, только процент",0.90674,0.90874,1.48016,0.10430,0.00928
W: до 31.01 -> февраль-март,× сезон прошлых лет (как s30),0.89336,0.90943,5.65376,0.10430,0.00928
W: до 31.01 -> февраль-март,× сезон прошлых лет и трафик,0.90323,0.90965,3.17824,0.10430,0.00928
W: до 31.01 -> февраль-март,× городской трамвай 2025 (как s18),0.90209,0.90978,3.55909,0.10430,0.00928
W: до 31.01 -> февраль-март,× городской трамвай 2025 и трафик,0.90579,0.90928,2.15675,0.10430,0.00928
W: до 31.01 -> февраль-март,× дневной балл ЦОДД,0.90328,0.90803,-4.47708,0.10430,0.00928
