period,days,profile,fact_weather,forecast_weather,gain_fact_pp,gain_forecast_pp
все дни,273,0.89112,0.89056,0.89123,-0.05586,0.01084
дни с осадками от 1 мм,91,0.88734,0.88530,0.88739,-0.20427,0.00494
сухие дни,182,0.89298,0.89315,0.89312,0.01711,0.01374
месяц 02,28,0.92128,0.92147,0.92130,0.01927,0.00213
месяц 03,31,0.91492,0.91487,0.91494,-0.00524,0.00129
месяц 04,30,0.82700,0.82831,0.82950,0.13131,0.25081
месяц 05,31,0.87589,0.87712,0.87289,0.12228,-0.29982
месяц 06,30,0.89298,0.89967,0.90217,0.66993,0.91959
месяц 07,31,0.88406,0.87679,0.88003,-0.72715,-0.40327
месяц 08,31,0.88671,0.87995,0.88284,-0.67604,-0.38638
месяц 09,30,0.89937,0.90000,0.90018,0.06368,0.08170
месяц 10,31,0.91605,0.91413,0.91510,-0.19205,-0.09436
