,coef,ci_low,ci_high,p_value,effect_pct,ci_low_pct,ci_high_pct
Intercept,0.0062,-0.0138,0.0262,0.545,0.6203,-1.3743,2.6552
precip,-0.0074,-0.0094,-0.0055,0.0,-0.7388,-0.9311,-0.5462
snow,0.0079,0.0028,0.013,0.0023,0.7957,0.2833,1.3106
frost,-0.0178,-0.0325,-0.003,0.0183,-1.7609,-3.2002,-0.3002
temp_anom,0.0013,-0.0013,0.004,0.3301,0.1314,-0.1329,0.3965
school_holiday:is_work,-0.0056,-0.0225,0.0114,0.5194,-0.556,-2.2284,1.1451
shortened_day,0.0505,0.0314,0.0696,0.0,5.1775,3.1891,7.2043
before_long_weekend,-0.0575,-0.0755,-0.0395,0.0,-5.5906,-7.2748,-3.8758
is_work,0.0025,-0.0165,0.0214,0.7983,0.2471,-1.6325,2.1627
