event_id,date,route,hour,exposure,baseline,y,loo_alpha,loo_prediction
22183,2025-08-01,17,23,0.18333333333333332,419.86226120104897,256,0.5,381.3748872576195
22183,2025-08-02,17,0,0.3233333333333333,235.19438903955293,150,0.5,197.17129614482522
22298,2025-08-09,11,22,0.1511111111111111,396.436643016638,324,0.5,366.48365221093644
22298,2025-08-09,11,23,0.21166666666666667,312.68242266101026,236,0.5,279.59019959605337
22298,2025-08-09,12,22,0.1511111111111111,444.9142146348028,361,0.5,411.2984739735066
22298,2025-08-09,12,23,0.21166666666666667,267.14071634659865,227,0.5,238.86832386658364
22363,2025-08-15,7,13,0.4166666666666667,921.1525423728814,797,0.525,719.6504237288136
22363,2025-08-15,7,14,0.4305555555555556,853.6688396349414,922,0.525,660.7041123424598
22363,2025-08-15,50,13,0.4166666666666667,609.002916869227,418,0.525,475.7835288040836
22363,2025-08-15,50,14,0.4305555555555556,573.3334953816237,488,0.525,443.73623652973583
22498,2025-08-26,7,14,0.9819444444444444,1044.7592511655012,596,0.55,480.5167028103551
22498,2025-08-26,7,15,1.0,1184.6661421911422,708,0.55,533.099763986014
22498,2025-08-26,7,16,0.4438888888888889,1353.644594988345,1157,0.55,1023.1673076174404
22498,2025-08-26,50,14,0.9819444444444444,752.4741366699666,263,0.55,346.08584771980475
22498,2025-08-26,50,15,1.0,786.4801793848593,424,0.55,353.91608072318667
22498,2025-08-26,50,16,0.4438888888888889,977.4928448472355,651,0.55,738.8488278093923
22707,2025-09-12,11,12,0.08027777777777778,1784.8369292523835,836,0.5,1713.1955580643364
22707,2025-09-12,11,13,0.5744444444444444,1803.4746613146012,872,0.5,1285.4766613703518
22707,2025-09-12,12,12,0.08027777777777778,2007.6859582542693,1410,0.5,1927.0996746521187
22707,2025-09-12,12,13,0.5744444444444444,1933.6451612903224,1330,0.5,1378.2593010752687
22764,2025-09-16,11,15,0.6086111111111111,1769.3138004246284,1645,0.55,1177.0605795352676
22764,2025-09-16,11,16,0.16083333333333333,1963.3808917197453,1968,0.55,1789.7034903397027
22764,2025-09-16,17,15,0.6086111111111111,3225.434795152914,2256,0.55,2145.765295180964
22764,2025-09-16,17,16,0.16083333333333333,3550.2218695903057,3154,0.55,3236.1751600427965
22764,2025-09-16,25,15,0.6086111111111111,505.16397228637413,298,0.55,336.0673487297921
22764,2025-09-16,25,16,0.16083333333333333,611.0854503464203,630,0.55,557.0298498845266
22840,2025-09-22,11,13,0.13111111111111112,1926.3220361710592,1676,0.625,1768.4706470959306
22840,2025-09-22,11,14,1.0,2030.1157495916318,1134,0.625,761.2934060968619
22840,2025-09-22,11,15,0.2841666666666667,2070.293961238305,1549,0.625,1702.6011274975438
22840,2025-09-22,12,13,0.13111111111111112,1891.8627994704702,1357,0.625,1736.835153402751
22840,2025-09-22,12,14,1.0,1804.7117698882385,1184,0.625,676.7669137080894
22840,2025-09-22,12,15,0.2841666666666667,2065.185633583448,2025,0.625,1698.400060118888
22837,2025-09-22,26,10,0.030555555555555555,1168.4503311258277,992,0.5,1150.5990066225165
22837,2025-09-22,26,11,0.48083333333333333,1074.4370860927152,745,0.5,816.1245033112582
22883,2025-09-24,7,21,0.4022222222222222,645.4682274247492,604,0.5,515.6573950204386
22857,2025-09-24,17,8,0.21027777777777779,4999.948464525238,4056,0.5,4474.2594384633485
22857,2025-09-24,17,9,0.6955555555555556,3438.4899399929404,1664,0.5,2242.659549750951
22883,2025-09-24,50,21,0.4022222222222222,655.1592562651576,450,0.5,523.3994502829426
23028,2025-10-06,17,19,0.6994444444444444,3468.716049382716,1544,0.5,2255.628964334705
23028,2025-10-06,17,20,0.5116666666666667,2308.769312169312,1568,0.5,1718.1091631393294
23050,2025-10-08,11,20,0.7644444444444445,1593.8527685968218,993,0.55,923.7262267778913
23050,2025-10-08,11,21,0.41194444444444445,866.4993226101769,642,0.55,670.1770524749016
23050,2025-10-08,12,20,0.7644444444444445,1604.7978028481336,1195,0.55,930.0694821839849
23050,2025-10-08,12,21,0.41194444444444445,1054.7620490157465,932,0.55,815.7851975491649
23184,2025-10-17,12,14,0.2461111111111111,1818.7433361629883,1783,0.5,1594.9368645184873
23287,2025-10-28,7,14,0.675,1773.8558225508316,886,0.5,1175.1794824399258
23287,2025-10-28,7,15,0.06527777777777778,1874.5730129390017,1441,0.5,1813.3890326555759
23311,2025-10-29,50,16,0.27,1744.2444514422116,1679,0.5,1508.7714504975131
