variant,B,R01,R02,R03,R04,R05,R06,R07,R08,rolling61_mean,late_mean,wins_vs_2w
adaptive,0.9041167188107705,0.8360090774820017,0.8679911358411885,0.8528535208034791,0.8450267921793827,0.84391399358518,0.8466063765629275,0.8250743907122698,0.8527586928088036,0.8462792474969041,0.857139044723693,6
adaptive_dow_25,0.9053861737567732,0.836397105676262,0.8693707854353312,0.853930585368621,0.8440333339058219,0.8450131568732947,0.8480642748224942,0.8261233150270998,0.853465684645241,0.8470497802192707,0.8582598620629021,6
adaptive_dow_50,0.9052336108415632,0.8360082934787316,0.8695432932940612,0.854142996073501,0.8422347027021118,0.8451361874660037,0.8482005790074203,0.8262044289365984,0.8531952300502084,0.8468332138760795,0.8582084622089475,6
ew_mean_14d,0.8966635392851027,0.834577426496997,0.8688606806567323,0.8564211182186704,0.8491505692993402,0.8406282230876458,0.8434290007630132,0.8440557274285128,0.847441921057379,0.8480705833760362,0.8578975471335019,5
ew_mean_28d,0.8732203167864936,0.8373371690169022,0.8696304275114581,0.8562253793219489,0.8579430241684577,0.8331301314907276,0.831143428786883,0.8528200678595581,0.8493725495975052,0.8484502722191801,0.8516390907576099,6
ew_mean_7d,0.9056108267729714,0.8300870284410056,0.8660324149761621,0.8548312242437681,0.8401332867254255,0.8446762712068459,0.847064855814497,0.825405343699628,0.8465084682228834,0.844342361666277,0.8561473736274949,6
ew_median_14d,0.9030267910257586,0.8337881019932949,0.8675964236031383,0.853051190941435,0.8374985145024965,0.8421481620774759,0.8457927499783069,0.82642566241849,0.8522019747933113,0.8448128475384935,0.8568617945539667,6
ew_median_28d,0.8893787886583293,0.8356926524039281,0.86875343217472,0.853504050346219,0.8763470120604567,0.8381658430876238,0.8358900254404369,0.854261611309811,0.854374957283649,0.8521236980133555,0.8584763456730566,6
ew_median_7d,0.9029008010527796,0.8279659940378318,0.8629594097396113,0.84829876731989,0.8170056901889381,0.8398741251962322,0.845963732872595,0.8141144675452985,0.8333152308905291,0.8361871772238658,0.8490735580903005,1
median_14d,0.9033620395436366,0.824736544373183,0.8636049124843745,0.8507787468354255,0.8508053473977935,0.8421018105602085,0.8491791078972307,0.8145189836972632,0.8457146745129038,0.8426800159697978,0.8531937014127586,0
median_28d,0.9062851932397096,0.838008872696735,0.8671260860437718,0.8507621783350156,0.8306655579138623,0.8482710780485806,0.8457169687038317,0.8212448439313662,0.8513088720871792,0.8441380572200428,0.8561389694905217,5
median_56d,0.8819558635342991,0.838008872696735,0.8684150166245158,0.8544491159227352,0.8761492955600932,0.835329471435178,0.8351458031929025,0.8610215363690485,0.8124714677627939,0.8476238224455003,0.847648667714761,5
median_windows,0.9043447777178166,0.838008872696735,0.8680377133379062,0.8522577319829205,0.8520435852968613,0.8450806224744551,0.846825932235026,0.8227897137198834,0.852252075479828,0.847162030902952,0.8565531247881384,7
