candidate,B,R04,R05,R06,R07,R08,mean,min_gain,wins,mean_gain,eligible
mix_0.25_0.5_0.25_0.35_0.5,0.9043304132000795,0.8553727367609425,0.8581121416179028,0.8609492101912203,0.8313752119918358,0.855926097922309,0.8610109686140482,-0.0002613407626086417,5,0.002848280969510212,True
mix_0.4_0.4_0.2_0.35_0.5,0.9043568641704399,0.8552154020922773,0.8578311092245087,0.8605259270845432,0.8316492435148372,0.8553181986289793,0.8608161241192643,-0.00023488979224817186,5,0.0026534364747261563,True
mix_0.25_0.5_0.25_0.25_0.5,0.9046429596423873,0.8548551781206658,0.8578695066147964,0.859049042525495,0.8308782704026155,0.8555890486869449,0.860480667665484,5.1205679699184437e-05,6,0.0023179800209460386,True
mix_0.4_0.4_0.2_0.25_0.5,0.9046619303519433,0.8547259891639737,0.8576363503213487,0.8587140145010987,0.8311198782734399,0.8550473050788375,0.8603175779484403,7.017638925521652e-05,6,0.0021548903039022016,True
mix_0.25_0.5_0.25_0.35_0.35,0.904270363959165,0.8551505259025403,0.855191485471805,0.8594122888602453,0.8303622126835761,0.8563165660858472,0.8601172404938632,-0.0003213900035230477,5,0.001954552849325053,False
old_0.5_0.5,0.9036552212144975,0.854972693030494,0.8564208488581719,0.8602152908104594,0.8331059989617348,0.8517786924297991,0.8600247908841928,-0.0026825491325510598,4,0.0018621032396546704,False
mix_0.4_0.4_0.2_0.35_0.35,0.9042961021219958,0.8550041937837818,0.854957844545665,0.8590070620595427,0.8305990985669206,0.8559050721565139,0.8599615622057365,-0.0002956518406922459,5,0.001798874561198538,True
old_0.35_0.5,0.9044084632972288,0.8545201854813442,0.8565620515616916,0.8584829619039207,0.8326477848666015,0.8525702073851404,0.8598652757493213,-0.001891034177209705,4,0.001702588104783113,False
mix_0.5_0.5_0.0_0.35_0.5,0.9039771461949716,0.8545586345790324,0.8572419817840875,0.8588176854088472,0.8307082993905054,0.8536076565024895,0.859818567309989,-0.000853585059860662,4,0.0016558796654508139,False
mix_0.0_1.0_0.0_0.35_0.5,0.9034811328943235,0.8545716427608994,0.8578285883969551,0.8586818129742314,0.8287181542959151,0.8544569099929341,0.8596230402192098,-0.00111062106836457,3,0.0014603525746716601,False
old_0.25_0.5,0.9047032427753272,0.8541516396978176,0.8565736903300502,0.8570841618835519,0.8320267782286488,0.8526248194944931,0.8595273887349815,-0.0018364220678570575,5,0.0013647010904433432,False
mix_0.5_0.5_0.0_0.25_0.5,0.9043994859546103,0.8541667942293744,0.8571181942941788,0.8573078958196745,0.8302951091676121,0.8535398190939376,0.8594712164265644,-0.0009214224684125361,4,0.001308528782026493,False
mix_0.0_1.0_0.0_0.25_0.5,0.9040502839312442,0.8541601763884653,0.8575806366761608,0.8571296008274718,0.8285306645013338,0.8542999594142622,0.8592918869564897,-0.001112070055104386,3,0.0011291993119515824,False
old_0.35_0.35,0.9043440319082521,0.8543730017278082,0.853939831067214,0.8571848263295736,0.8314722114762072,0.8540142658216668,0.8592213613884536,-0.0004469757406833086,4,0.0010586737439155502,False
mix_0.5_0.5_0.0_0.35_0.35,0.9039221717836234,0.8544232003430681,0.8546133074783319,0.8575061765986547,0.8299022982361313,0.854664384755597,0.8591719231992343,-0.0006695821790646539,5,0.0010092355546962861,False
mix_0.0_1.0_0.0_0.35_0.35,0.9034359356270023,0.8544583888892578,0.8552355605436353,0.8575596920073641,0.8282887846878002,0.855180778182913,0.8590265233229953,-0.0013539498686380158,4,0.0008638356784573623,False
mix_0.25_0.5_0.25_0.25_0.25,0.9045368800586001,0.8543953710941881,0.8526592365793664,0.8562599368681982,0.8287966215203879,0.8558235338944193,0.85874526333586,-0.0008461130360503111,4,0.0005825756913218997,False
mix_0.4_0.4_0.2_0.25_0.25,0.9045549958079175,0.8542850463819731,0.8524954307450751,0.8559561160627593,0.8289718429977895,0.8555712668558022,0.8586391164752195,-0.0006708915586487452,4,0.0004764288306813487,False
champion_core,0.9045917539626881,0.8538232931564268,0.851806830303975,0.8546502723253504,0.8296427345564382,0.8544612415623501,0.8581626876445382,0.0,0,0.0,False
mix_0.5_0.5_0.0_0.25_0.25,0.9042992932000266,0.8538558724380665,0.8522897864528892,0.8548877759404281,0.8285311761502551,0.8547994522970795,0.8581105594131242,-0.0011115584061831552,4,-5.21282314139467e-05,False
mix_0.0_1.0_0.0_0.25_0.25,0.9039609275798308,0.8538830903421859,0.8527499235669745,0.8549901452870162,0.8273961099567055,0.8550659150371076,0.8580076852949702,-0.002246624599732683,4,-0.00015500234956800085,False
