fold,month,alpha,cells,exceeded,missed_total,true_total,bias_pct
R04,5,1.6,432,7,88.0,984899.0,0.008934926322394478
R04,5,1.8,432,3,19.0,984899.0,0.0019291318196078989
R04,6,1.6,456,11,184.0,981379.0,0.018749127503237793
R04,6,1.8,456,3,7.0,981379.0,0.0007132820245796986
R05,6,1.6,456,2,2.0,981379.0,0.00020379486416562817
R05,6,1.8,456,0,0.0,981379.0,0.0
R05,7,1.6,552,3,9.0,1078995.0,0.0008341095185797895
R05,7,1.8,552,0,0.0,1078995.0,0.0
R06,7,1.6,552,3,12.0,1078995.0,0.0011121460247730528
R06,7,1.8,552,2,4.0,1078995.0,0.00037071534159101755
R06,8,1.6,504,0,0.0,1011989.0,0.0
R06,8,1.8,504,0,0.0,1011989.0,0.0
R07,8,1.6,504,0,0.0,1011989.0,0.0
R07,8,1.8,504,0,0.0,1011989.0,0.0
R07,9,1.6,528,0,0.0,1175514.0,0.0
R07,9,1.8,528,0,0.0,1175514.0,0.0
R08,9,1.6,528,0,0.0,1175514.0,0.0
R08,9,1.8,528,0,0.0,1175514.0,0.0
R08,10,1.6,552,0,0.0,1271866.0,0.0
R08,10,1.8,552,0,0.0,1271866.0,0.0
B,10,1.6,552,1,1.0,1271866.0,7.862463498513209e-05
B,10,1.8,552,0,0.0,1271866.0,0.0
