model,B,R04,R05,R06,R07,R08,mean,folds,worst
chronos0_0.1,0.0004848614643339134,0.00029269534674527305,6.189677452499833e-05,0.00039454406908184136,0.0006597357047133006,0.0013237384689283895,0.000536245304721286,6,6.189677452499833e-05
chronos0_0.2,0.0008672026402702837,0.00035540662368350155,-1.9965541490903023e-05,0.0006509833938368784,0.0012345046774046504,0.0025111599718500035,0.0009332152942590691,6,-1.9965541490903023e-05
chronos0_0.35,0.0012432586170874247,-3.997740238238969e-05,-0.0003812437728666608,0.0007189828676758894,0.001943832623168797,0.004045831419507944,0.0012551140586985008,6,-0.0003812437728666608
chronos100_0.1,0.0003214861746659593,,-1.1839722308397615e-05,,0.0006451682579713953,,0.0003182715701096524,3,-1.1839722308397615e-05
chronos100_0.2,0.0004966505488431045,,-0.0002031223209204361,,0.0011844173558636687,,0.000492648527928779,3,-0.0002031223209204361
chronos100_0.35,0.0005393035846210316,,-0.0007695918932303925,,0.0017956028676552912,,0.0005217715196819768,3,-0.0007695918932303925
chronos500_0.1,0.0005689290100382728,,,,,,0.0005689290100382728,1,0.0005689290100382728
chronos500_0.2,0.0010119412403198453,,,,,,0.0010119412403198453,1,0.0010119412403198453
chronos500_0.35,0.0014038162552638645,,,,,,0.0014038162552638645,1,0.0014038162552638645
joint35,0.0017595387990667999,0.000285831970534619,0.001386023812833208,0.0007377821913422756,-0.0013819230429076687,0.002743247908870208,0.0009217502732899069,6,-0.0013819230429076687
joint35_then_chronos0_0.1,0.002046337448556553,0.0005291967079220155,0.0013296749726040846,0.001042812712199077,-0.000615355750842547,0.0037015890072606334,0.001339042516283303,6,-0.000615355750842547
joint35_then_chronos0_0.2,0.0022425456032854453,0.0005472795805977743,0.0011240033428605535,0.0011950036937847571,6.862877538303878e-05,0.004547551689169525,0.0016208354475135158,6,6.862877538303878e-05
joint35_then_chronos0_0.35,0.0023371149104728854,0.00013325948402215078,0.00057373552579802,0.001111085883955783,0.0009477284846990184,0.0055861006158748755,0.0017815041508037887,6,0.00013325948402215078
joint35_then_chronos100_0.1,0.0018842788139591866,,0.001250753748878679,,-0.000598207852254606,,0.0008456082368610866,3,-0.000598207852254606
joint35_then_chronos100_0.2,0.0019028926272390665,,0.0009305347600222233,,6.65816872251243e-05,,0.0009666696914954714,3,6.65816872251243e-05
joint35_then_chronos100_0.35,0.0016371728095681704,,0.00015383964345681684,,0.0008677820509251186,,0.0008862648346500353,3,0.00015383964345681684
joint35_then_chronos500_0.1,0.002108610501614033,,,,,,0.002108610501614033,1,0.002108610501614033
joint35_then_chronos500_0.2,0.00234904405173663,,,,,,0.00234904405173663,1,0.00234904405173663
joint35_then_chronos500_0.35,0.002466455109151802,,,,,,0.002466455109151802,1,0.002466455109151802
joint35_then_tirex_0.1,0.0021172414971889603,,0.0013314524518226083,,-0.0011638126924629422,,0.0007616270855162088,3,-0.0011638126924629422
joint35_then_tirex_0.2,0.002346694857354183,,0.0011173546278135775,,-0.0010430043780162478,,0.0008070150357171709,3,-0.0010430043780162478
joint35_then_tirex_0.35,0.0024376584686895656,,0.0004390110945778932,,-0.0010365280145329956,,0.000613380516244821,3,-0.0010365280145329956
tirex_0.1,0.0005624224719700378,,3.291915975410248e-05,,0.0001327524664830314,,0.00024269803273572392,3,3.291915975410248e-05
tirex_0.2,0.0009592898680302538,,-9.278434199064503e-05,,0.0001628020538042158,,0.00034310252661460817,3,-9.278434199064503e-05
tirex_0.35,0.0012831087936417526,,-0.0005939966806079599,,1.8306485512766842e-05,,0.00023580619951551985,3,-0.0005939966806079599
