fold,daily_weight,shape_weight,city_weight,gain
R04,0.25,0.2,0.0,0.00037261997534619783
R04,0.25,0.2,0.1,0.001165955030184494
R04,0.25,0.2,0.25,0.0022660643826513853
R04,0.25,0.35,0.0,0.0006074703376621723
R04,0.25,0.35,0.1,0.0014051910016910317
R04,0.25,0.35,0.25,0.00251030187683805
R04,0.4,0.2,0.0,0.0006016581188794444
R04,0.4,0.2,0.1,0.001375573286593933
R04,0.4,0.2,0.25,0.0024504242440055485
R04,0.4,0.35,0.0,0.0008352170503245138
R04,0.4,0.35,0.1,0.0016147622392732146
R04,0.4,0.35,0.25,0.002694329434645783
R05,0.25,0.2,0.0,0.0009740995328873014
R05,0.25,0.2,0.1,0.0018684087342579522
R05,0.25,0.2,0.25,0.003153829649924323
R05,0.25,0.35,0.0,0.001576302409109909
R05,0.25,0.35,0.1,0.0024753090951929713
R05,0.25,0.35,0.25,0.0037649403602761757
R05,0.4,0.2,0.0,-0.0027425111256990766
R05,0.4,0.2,0.1,-0.0018128930393877772
R05,0.4,0.2,0.25,-0.0004838805851793312
R05,0.4,0.35,0.0,-0.0021544561775552625
R05,0.4,0.35,0.1,-0.0012220679267517754
R05,0.4,0.35,0.25,0.00011261871893087373
R06,0.25,0.2,0.0,0.000721311499374087
R06,0.25,0.2,0.1,0.0006468854782234481
R06,0.25,0.2,0.25,0.0002242478945359029
R06,0.25,0.35,0.0,0.0011215670073769035
R06,0.25,0.35,0.1,0.001056270944373775
R06,0.25,0.35,0.25,0.0006486722101650734
R06,0.4,0.2,0.0,-0.000694899497607792
R06,0.4,0.2,0.1,-0.0010446783257257951
R06,0.4,0.2,0.25,-0.001875862899844849
R06,0.4,0.35,0.0,-0.000286172529703424
R06,0.4,0.35,0.1,-0.0006297744730105548
R06,0.4,0.35,0.25,-0.0014542819198801844
R07,0.25,0.2,0.0,-0.00046879590667856164
R07,0.25,0.2,0.1,0.00016262053008165927
R07,0.25,0.2,0.25,0.0010410812753264241
R07,0.25,0.35,0.0,-0.0008778440834602897
R07,0.25,0.35,0.1,-0.00024833820152676177
R07,0.25,0.35,0.25,0.0006260920825629108
R07,0.4,0.2,0.0,0.0010729996259543995
R07,0.4,0.2,0.1,0.0017571298762444406
R07,0.4,0.2,0.25,0.002717056313167667
R07,0.4,0.35,0.0,0.0006435784607351558
R07,0.4,0.35,0.1,0.0013300371465705427
R07,0.4,0.35,0.25,0.0022867172568311117
R08,0.25,0.2,0.0,0.00027501887333336296
R08,0.25,0.2,0.1,0.0006134972660242463
R08,0.25,0.2,0.25,0.0011021621349988245
R08,0.25,0.35,0.0,0.00045610647647989863
R08,0.25,0.35,0.1,0.0007953086375799274
R08,0.25,0.35,0.25,0.0012796417836697016
R08,0.4,0.2,0.0,-0.0002168777345383309
R08,0.4,0.2,0.1,0.00015273875204291302
R08,0.4,0.2,0.25,0.0006819770267523084
R08,0.4,0.35,0.0,-3.350397378289133e-05
R08,0.4,0.35,0.1,0.0003367611508707
R08,0.4,0.35,0.25,0.0008645926485179428
B,0.25,0.2,0.0,0.0007226866866688172
B,0.25,0.2,0.1,0.0007904148551115861
B,0.25,0.2,0.25,0.0008809098801573077
B,0.25,0.35,0.0,0.001155877059265588
B,0.25,0.35,0.1,0.0012189073938536185
B,0.25,0.35,0.25,0.0013045005060479328
B,0.4,0.2,0.0,0.0006637873445061209
B,0.4,0.2,0.1,0.0007448429712013321
B,0.4,0.2,0.25,0.0008570883719942482
B,0.4,0.35,0.0,0.0010988622627550058
B,0.4,0.35,0.1,0.0011808289980576535
B,0.4,0.35,0.25,0.0012929297298505987
