candidate,mean_gain,worst_gain,wins,active_folds,october_gain
catboost_20,0.00020991658459676663,-0.0018718547343953,3,6,0.0004465186984022
catboost_40,-0.0003632565322551667,-0.0047050705916563,3,6,0.000304694179067
combined_models,0.0005370471934033049,-7.4416583456971e-05,3,4,-7.4416583456971e-05
daily_optimal_25,-0.00024118243352029998,-0.0044907508158423,3,6,0.0002878430524543
daily_optimal_50,-0.0015519416448289784,-0.0111438278078166,3,6,9.185827060242956e-05
daily_sum_25,-0.0008742917973239168,-0.0070153946442897,3,6,0.0005791496848157
daily_sum_50,-0.00286311800220045,-0.0162174949153215,3,6,0.0005355846193769
restored_weekends,5.8499333391924877e-05,-0.0002218544460437,2,4,0.0
route_kind_weights,0.0008136884383618667,-0.0001959323350773,3,4,-0.0001959323350773
route_weights,0.0007795296411539001,-0.0002131840006557,3,4,-0.0002131840006557
selective_models,0.00017354310639151386,-2.9987351985116817e-05,2,3,-2.9987351985116817e-05
