fold,source,strength,gain
R04,traffic,0.1,0.001679105364005139
R04,traffic,0.25,0.003275116741625448
R04,traffic,0.5,0.0034698101090834075
R04,tram,0.1,0.0007847779261808488
R04,tram,0.25,0.0018714674195964573
R04,tram,0.5,0.003417309359938666
R04,bus,0.1,0.0003609127332818778
R04,bus,0.25,0.0008856963266002511
R04,bus,0.5,0.0017127226928632393
R04,metro,0.1,0.0002320037382725101
R04,metro,0.25,0.0005693358666454271
R04,metro,0.5,0.001105713281100829
R04,mcc,0.1,0.00044909060973677607
R04,mcc,0.25,0.00105290240024025
R04,mcc,0.5,0.0018881728155240502
R05,traffic,0.1,-0.003167379180099055
R05,traffic,0.25,-0.008347935278465047
R05,traffic,0.5,-0.010134470433409334
R05,tram,0.1,0.0008991879627938251
R05,tram,0.25,0.0021859043235367493
R05,tram,0.5,0.004179363705985347
R05,bus,0.1,0.0015974332695346894
R05,bus,0.25,0.0039035373578120494
R05,bus,0.5,0.00746230532198423
R05,metro,0.1,0.000491621532944965
R05,metro,0.25,0.0012210544170527082
R05,metro,0.5,0.002413748897098019
R05,mcc,0.1,0.0003571356907763599
R05,mcc,0.25,0.0008819315059881702
R05,mcc,0.5,0.001724477200713172
R06,traffic,0.1,-0.0005922786053755664
R06,traffic,0.25,-0.002391224650240554
R06,traffic,0.5,-0.0041988813518728865
R06,tram,0.1,-7.646273899317865e-05
R06,tram,0.25,-0.00051563204762201
R06,tram,0.5,-0.0016520092098329638
R06,bus,0.1,0.00010113695283692929
R06,bus,0.25,0.0002165165822944301
R06,bus,0.5,0.0003082959647072388
R06,metro,0.1,5.30891803761075e-05
R06,metro,0.25,0.00011762423101911815
R06,metro,0.5,0.00019256486375912086
R06,mcc,0.1,-4.1504076649263984e-05
R06,mcc,0.25,-0.0003979304949449255
R06,mcc,0.5,-0.0013927803417040077
R07,traffic,0.1,-0.0027967223164842214
R07,traffic,0.25,-0.005695699377801105
R07,traffic,0.5,-0.006523464504738123
R07,tram,0.1,0.0006375022906986894
R07,tram,0.25,0.0015163414916384342
R07,tram,0.5,0.0027913585990450326
R07,bus,0.1,7.058408416957288e-05
R07,bus,0.25,0.00017613709441958848
R07,bus,0.5,0.0003493411375649618
R07,metro,0.1,0.0004421581206633702
R07,metro,0.25,0.0010500523406103864
R07,metro,0.5,0.0019297057600555095
R07,mcc,0.1,-0.0006356383943027036
R07,mcc,0.25,-0.0016876191755045586
R07,mcc,0.5,-0.0036925100402517472
R08,traffic,0.1,-0.003460067124549466
R08,traffic,0.25,-0.008293019801944967
R08,traffic,0.5,-0.008293019801944967
R08,tram,0.1,0.0003419722839511173
R08,tram,0.25,0.0008324907701963238
R08,tram,0.5,0.001583656361071032
R08,bus,0.1,-2.206770080100525e-05
R08,bus,0.25,-5.528845309830059e-05
R08,bus,0.5,-0.00011249197249620923
R08,metro,0.1,0.0006919877496166531
R08,metro,0.25,0.0016036251227031725
R08,metro,0.5,0.0027673539753262687
R08,mcc,0.1,0.001230928489366228
R08,mcc,0.25,0.002650678823768765
R08,mcc,0.5,0.003534151369845108
B,traffic,0.1,-0.00012026991634028193
B,traffic,0.25,-0.00031928455799322744
B,traffic,0.5,-0.0007143330716988493
B,tram,0.1,7.312488698269317e-05
B,tram,0.25,0.00016743062795275204
B,tram,0.5,0.00029800082969923773
B,bus,0.1,-8.410852621746034e-05
B,bus,0.25,-0.00022029713428572734
B,bus,0.5,-0.0004746345263406058
B,metro,0.1,-6.258402056940253e-05
B,metro,0.25,-0.00016273125783993522
B,metro,0.5,-0.0003430905272647742
B,mcc,0.1,0.0003426467500716741
B,mcc,0.25,0.0004631176712974895
B,mcc,0.5,-0.0005367621251761936
