fold,route,factor,gain
R04,11,0.985,-0.0005711972578860636
R04,11,1.015,0.00034871115035832066
R04,12,0.985,-0.0007547947414691154
R04,12,1.015,0.000563804265970964
R04,17,0.985,-0.002414407144668719
R04,17,1.015,0.0022429023261040766
R05,11,0.985,0.0006753660682318515
R05,11,1.015,-0.0008939875234984031
R05,12,0.985,0.0013628769076058328
R05,12,1.015,-0.0015682059252463362
R05,17,0.985,0.0013155035161358357
R05,17,1.015,-0.0017930407673710435
R06,11,0.985,1.7471411306811187e-05
R06,11,1.015,-0.00025804797191140543
R06,12,0.985,-7.402536064186977e-05
R06,12,1.015,-0.00016867848220744353
R06,17,0.985,-0.0008772970234503019
R06,17,1.015,0.00030390171166780425
R07,11,0.985,-0.0005939113950981681
R07,11,1.015,0.0003975589149383848
R07,12,0.985,-0.00068615364646361
R07,12,1.015,0.0004466776866079592
R07,17,0.985,-0.0017025891369590903
R07,17,1.015,0.0013517112924553599
R08,11,0.985,-0.0001777601933807312
R08,11,1.015,3.472495243879706e-05
R08,12,0.985,-0.00011472378817376315
R08,12,1.015,-0.00011743006306774064
R08,17,0.985,-4.736220480401479e-05
R08,17,1.015,-0.00043497161949692195
B,11,0.985,0.0008471134253887711
B,11,1.015,-0.0010374006845081018
B,12,0.985,3.1390862364757806e-05
B,12,1.015,-0.0002986428849689939
B,17,0.985,-0.0012290186114508569
B,17,1.015,0.0005870882998885249
