fold,route,mode,daily_weight,shape_weight,score,gain
R04,0,residual,0.25,0.0,0.8561998881931512,0.0
R04,1,residual,0.25,0.0,0.8909279876321268,0.0
R04,7,residual,0.25,0.0,0.8720892976295874,0.0
R04,11,residual,0.25,0.0,0.8926594651280707,0.0
R04,12,residual,0.25,0.0,0.8911044815427286,0.0
R04,17,residual,0.25,0.0,0.7860241646780209,0.0
R04,25,residual,0.25,0.0,0.8289475106042336,0.0
R04,26,residual,0.25,0.0,0.8506982565073868,0.0
R04,28,residual,0.25,0.0,0.8493671704000594,0.0
R04,50,residual,0.25,0.0,0.8842482572994683,0.0
R04,0,residual,0.25,0.1,0.8563957548870378,0.00019586669388667408
R04,1,residual,0.25,0.1,0.8911565282175654,0.00022854058543869137
R04,7,residual,0.25,0.1,0.8722859700740899,0.0001966724445024889
R04,11,residual,0.25,0.1,0.8929107232974539,0.00025125816938317147
R04,12,residual,0.25,0.1,0.8913272947475519,0.00022281320482329096
R04,17,residual,0.25,0.1,0.786054161694417,2.9997016396093133e-05
R04,25,residual,0.25,0.1,0.8290826668530414,0.0001351562488078969
R04,26,residual,0.25,0.1,0.8511380915804646,0.0004398350730777189
R04,28,residual,0.25,0.1,0.8495973946632699,0.00023022426321044352
R04,50,residual,0.25,0.1,0.8845024711133946,0.00025421381392628763
R04,0,residual,0.25,0.2,0.8565725081684974,0.00037261997534619783
R04,1,residual,0.25,0.2,0.8913705829015549,0.00044259526942820517
R04,7,residual,0.25,0.2,0.8724694116242101,0.0003801139946227254
R04,11,residual,0.25,0.2,0.8931467038943568,0.0004872387662860198
R04,12,residual,0.25,0.2,0.8915167589882286,0.00041227744550000685
R04,17,residual,0.25,0.2,0.7860725356846644,4.8371006643432855e-05
R04,25,residual,0.25,0.2,0.829189006150425,0.00024149554619141284
R04,26,residual,0.25,0.2,0.8515466249171629,0.0008483684097760367
R04,28,residual,0.25,0.2,0.849816471393922,0.000449300993862635
R04,50,residual,0.25,0.2,0.8847343699980689,0.0004861126986004975
R04,0,residual,0.25,0.35,0.8568073585308134,0.0006074703376621723
R04,1,residual,0.25,0.35,0.8916560379102864,0.0007280502781596282
R04,7,residual,0.25,0.35,0.8727232781380803,0.0006339805084928192
R04,11,residual,0.25,0.35,0.8934782800814024,0.0008188149533316654
R04,12,residual,0.25,0.35,0.8917535773051979,0.0006490957624693243
R04,17,residual,0.25,0.35,0.7860802527973503,5.608811932928184e-05
R04,25,residual,0.25,0.35,0.8292931717048164,0.00034566110058288765
R04,26,residual,0.25,0.35,0.8521226217899879,0.0014243652826010193
R04,28,residual,0.25,0.35,0.8501317949701286,0.0007646245700691116
R04,50,residual,0.25,0.35,0.8850412148550786,0.0007929575556102424
R04,0,residual,0.4,0.0,0.8564263419089868,0.000226453715835716
R04,1,residual,0.4,0.0,0.891101382000345,0.0001733943682183854
R04,7,residual,0.4,0.0,0.8722165049741726,0.00012720734458512893
R04,11,residual,0.4,0.0,0.8930048026583717,0.00034533753030090364
R04,12,residual,0.4,0.0,0.8915974697957331,0.0004929882530044473
R04,17,residual,0.4,0.0,0.7870287255317499,0.0010045608537288474
R04,25,residual,0.4,0.0,0.8295610989479469,0.0006135883437134304
R04,26,residual,0.4,0.0,0.8481492651019431,-0.0025489914054436956
R04,28,residual,0.4,0.0,0.8492295557496127,-0.00013761465044673203
R04,50,residual,0.4,0.0,0.8843869477496205,0.00013869045015202342
R04,0,residual,0.4,0.1,0.8566253027986591,0.00042541460550801134
R04,1,residual,0.4,0.1,0.8913290179343226,0.00040103030219593947
R04,7,residual,0.4,0.1,0.8724168957134749,0.00032759808388754634
R04,11,residual,0.4,0.1,0.8932636587192679,0.0006041935911972725
R04,12,residual,0.4,0.1,0.8918049279957154,0.0007004464529868157
R04,17,residual,0.4,0.1,0.7870641479993864,0.0010399833213655054
R04,25,residual,0.4,0.1,0.8297123004778622,0.0007647898736286772
R04,26,residual,0.4,0.1,0.8486109345307441,-0.002087321976642754
R04,28,residual,0.4,0.1,0.8494657136554011,9.854325534175692e-05
R04,50,residual,0.4,0.1,0.8846430384733489,0.00039478117388053305
R04,0,residual,0.4,0.2,0.8568015463120305,0.0006016581188794444
R04,1,residual,0.4,0.2,0.8915403656090946,0.0006123779769677867
R04,7,residual,0.4,0.2,0.8725996995523297,0.0005104019227423351
R04,11,residual,0.4,0.2,0.8935066657623907,0.0008472006343199812
R04,12,residual,0.4,0.2,0.8919694302230015,0.0008649486802728331
R04,17,residual,0.4,0.2,0.7870815285911602,0.0010573639131393091
R04,25,residual,0.4,0.2,0.8298321193368349,0.0008846087326013177
R04,26,residual,0.4,0.2,0.8490480945881442,-0.0016501619192426378
R04,28,residual,0.4,0.2,0.8496868655657548,0.0003196951656954325
R04,50,residual,0.4,0.2,0.8848758632120661,0.000627605912597737
R04,0,residual,0.4,0.35,0.8570351052434757,0.0008352170503245138
R04,1,residual,0.4,0.35,0.8918249146399841,0.0008969270078574001
R04,7,residual,0.4,0.35,0.87285808965689,0.0007687920273027216
R04,11,residual,0.4,0.35,0.8938384610938344,0.001178995965763592
R04,12,residual,0.4,0.35,0.8921748170613999,0.001070335518671239
R04,17,residual,0.4,0.35,0.7870907044228471,0.0010665397448261728
R04,25,residual,0.4,0.35,0.8299484019629395,0.0010008913587059886
R04,26,residual,0.4,0.35,0.8496398684873893,-0.0010583880199975784
R04,28,residual,0.4,0.35,0.8499994884337474,0.0006323180336880502
R04,50,residual,0.4,0.35,0.8851957871825723,0.0009475298831039166
R05,0,residual,0.25,0.0,0.8536213908020605,0.0
R05,1,residual,0.25,0.0,0.8564863868007133,0.0
R05,7,residual,0.25,0.0,0.8114738653840068,0.0
R05,11,residual,0.25,0.0,0.8860726430841815,0.0
R05,12,residual,0.25,0.0,0.8788066074031742,0.0
R05,17,residual,0.25,0.0,0.9041539039826848,0.0
R05,25,residual,0.25,0.0,0.7404070610995712,0.0
R05,26,residual,0.25,0.0,0.8041194482996409,0.0
R05,28,residual,0.25,0.0,0.7813790616611568,0.0
R05,50,residual,0.25,0.0,0.7911797280108694,0.0
R05,0,residual,0.25,0.1,0.8541300382120061,0.0005086474099456347
R05,1,residual,0.25,0.1,0.8566696965495082,0.00018330974879489812
R05,7,residual,0.25,0.1,0.8116851478644672,0.00021128248046044007
R05,11,residual,0.25,0.1,0.8866541312393635,0.000581488155182029
R05,12,residual,0.25,0.1,0.8792627943323027,0.00045618692912849915
R05,17,residual,0.25,0.1,0.9050610691449168,0.0009071651622320004
R05,25,residual,0.25,0.1,0.740798509443926,0.0003914483443547404
R05,26,residual,0.25,0.1,0.8046864139628784,0.0005669656632376122
R05,28,residual,0.25,0.1,0.7817784282297894,0.000399366568632605
R05,50,residual,0.25,0.1,0.791328476738609,0.00014874872773954726
R05,0,residual,0.25,0.2,0.8545954903349477,0.0009740995328873014
R05,1,residual,0.25,0.2,0.8568036007361965,0.0003172139354831928
R05,7,residual,0.25,0.2,0.81183375430903,0.0003598889250233015
R05,11,residual,0.25,0.2,0.8872077629812928,0.0011351198971112917
R05,12,residual,0.25,0.2,0.8796745436456931,0.0008679362425189128
R05,17,residual,0.25,0.2,0.905921735943419,0.0017678319607341614
R05,25,residual,0.25,0.2,0.7411703138231447,0.0007632527235733836
R05,26,residual,0.25,0.2,0.8051978514647444,0.0010784031651035779
R05,28,residual,0.25,0.2,0.7821264162120358,0.0007473545508791144
R05,50,residual,0.25,0.2,0.7914481738580622,0.0002684458471927612
R05,0,residual,0.25,0.35,0.8551976932111703,0.001576302409109909
R05,1,residual,0.25,0.35,0.8569044963976228,0.00041810959690952355
R05,7,residual,0.25,0.35,0.8119875454116743,0.0005136800276675516
R05,11,residual,0.25,0.35,0.8879582965742155,0.001885653490034028
R05,12,residual,0.25,0.35,0.8801992643132844,0.0013926569101102469
R05,17,residual,0.25,0.35,0.9070687116301002,0.0029148076474153394
R05,25,residual,0.25,0.35,0.7416863246984542,0.0012792635988829002
R05,26,residual,0.25,0.35,0.8058496594133008,0.0017302111136599666
R05,28,residual,0.25,0.35,0.7826021014486114,0.0012230397874546583
R05,50,residual,0.25,0.35,0.7915683150848478,0.0003885870739783342
R05,0,residual,0.4,0.0,0.8499112863898721,-0.0037101044121883786
R05,1,residual,0.4,0.0,0.8525689730304067,-0.003917413770306564
R05,7,residual,0.4,0.0,0.8204200659340766,0.008946200550069842
R05,11,residual,0.4,0.0,0.883397753413861,-0.0026748896703205323
R05,12,residual,0.4,0.0,0.8755461549080763,-0.0032604524950978595
R05,17,residual,0.4,0.0,0.9019595314334102,-0.002194372549274586
R05,25,residual,0.4,0.0,0.7371910136724391,-0.003216047427132161
R05,26,residual,0.4,0.0,0.7961109037236599,-0.008008544575980969
R05,28,residual,0.4,0.0,0.7770180394589259,-0.0043610222022308276
R05,50,residual,0.4,0.0,0.7744119987223864,-0.016767729288483
R05,0,residual,0.4,0.1,0.8504207900734704,-0.0032006007285900273
R05,1,residual,0.4,0.1,0.8527692734266542,-0.003717113374059069
R05,7,residual,0.4,0.1,0.8206062889587631,0.009132423574756339
R05,11,residual,0.4,0.1,0.8839820200509553,-0.002090623033226254
R05,12,residual,0.4,0.1,0.8760118184351634,-0.0027947889680107825
R05,17,residual,0.4,0.1,0.9028760980918563,-0.0012778058908284725
R05,25,residual,0.4,0.1,0.7375888808201468,-0.0028181802794244423
R05,26,residual,0.4,0.1,0.7966541972175407,-0.007465251082100187
R05,28,residual,0.4,0.1,0.7773949503149292,-0.0039841113462275495
R05,50,residual,0.4,0.1,0.7745622791381827,-0.016617448872686798
R05,0,residual,0.4,0.2,0.8508788796763613,-0.0027425111256990766
R05,1,residual,0.4,0.2,0.852917090251073,-0.0035692965496402435
R05,7,residual,0.4,0.2,0.8207576731201303,0.009283807736123516
R05,11,residual,0.4,0.2,0.8845222561938708,-0.0015503868903106706
R05,12,residual,0.4,0.2,0.8764266714243211,-0.0023799359788531657
R05,17,residual,0.4,0.2,0.9037183678394475,-0.00043553614323729213
R05,25,residual,0.4,0.2,0.7379616979647241,-0.0024453631348471307
R05,26,residual,0.4,0.2,0.7971355412163729,-0.006983907083267964
R05,28,residual,0.4,0.2,0.7777329787557326,-0.003646082905424219
R05,50,residual,0.4,0.2,0.7746814699762778,-0.016498258034591567
R05,0,residual,0.4,0.35,0.8514669346245052,-0.0021544561775552625
R05,1,residual,0.4,0.35,0.8530363391645264,-0.0034500476361869242
R05,7,residual,0.4,0.35,0.8209314573929495,0.009457592008942714
R05,11,residual,0.4,0.35,0.8852512358705961,-0.00082140721358543
R05,12,residual,0.4,0.35,0.8769713421302903,-0.0018352652728838945
R05,17,residual,0.4,0.35,0.9048032642874841,0.0006493603047993382
R05,25,residual,0.4,0.35,0.7384606621928762,-0.0019463989066950157
R05,26,residual,0.4,0.35,0.7977619370791323,-0.006357511220508479
R05,28,residual,0.4,0.35,0.7781991982918381,-0.0031798633693186553
R05,50,residual,0.4,0.35,0.7748068440148899,-0.016372883995979533
R06,0,residual,0.25,0.0,0.8602499786424251,0.0
R06,1,residual,0.25,0.0,0.9019024815231884,0.0
R06,7,residual,0.25,0.0,0.665225694932738,0.0
R06,11,residual,0.25,0.0,0.8948220517620267,0.0
R06,12,residual,0.25,0.0,0.9048301726973358,0.0
R06,17,residual,0.25,0.0,0.9145112946561367,0.0
R06,25,residual,0.25,0.0,0.818200255997058,0.0
R06,26,residual,0.25,0.0,0.8945387188286517,0.0
R06,28,residual,0.25,0.0,0.8518772125963094,0.0
R06,50,residual,0.25,0.0,0.7315703623467946,0.0
R06,0,residual,0.25,0.1,0.8606315086551198,0.00038153001269477686
R06,1,residual,0.25,0.1,0.9020478874201091,0.00014540589692070116
R06,7,residual,0.25,0.1,0.6654804319186949,0.00025473698595694644
R06,11,residual,0.25,0.1,0.8954359344030186,0.0006138826409919297
R06,12,residual,0.25,0.1,0.9054088818980462,0.0005787092007104717
R06,17,residual,0.25,0.1,0.9149041166755082,0.00039282201937144344
R06,25,residual,0.25,0.1,0.8184257909884121,0.0002255349913540227
R06,26,residual,0.25,0.1,0.8949787145703971,0.00043999574174545465
R06,28,residual,0.25,0.1,0.852000213807451,0.00012300121114146499
R06,50,residual,0.25,0.1,0.7317006692702905,0.000130306923495833
R06,0,residual,0.25,0.2,0.8609712901417992,0.000721311499374087
R06,1,residual,0.25,0.2,0.9021624946556301,0.00026001313244168774
R06,7,residual,0.25,0.2,0.6657050390891002,0.0004793441563621189
R06,11,residual,0.25,0.2,0.8960132034554777,0.0011911516934510788
R06,12,residual,0.25,0.2,0.9059306419278842,0.0011004692305484197
R06,17,residual,0.25,0.2,0.9152405647323962,0.0007292700762595032
R06,25,residual,0.25,0.2,0.8186164775567097,0.0004162215596516737
R06,26,residual,0.25,0.2,0.8953572326184785,0.0008185137898269023
R06,28,residual,0.25,0.2,0.8521091946462079,0.0002319820498984901
R06,50,residual,0.25,0.2,0.7318199452604607,0.0002495829136660651
R06,0,residual,0.25,0.35,0.861371545649802,0.0011215670073769035
R06,1,residual,0.25,0.35,0.9022416025657698,0.0003391210425813283
R06,7,residual,0.25,0.35,0.6660208638261541,0.0007951688934161178
R06,11,residual,0.25,0.35,0.8968375655355668,0.0020155137735401365
R06,12,residual,0.25,0.35,0.9065862772603538,0.0017561045630180082
R06,17,residual,0.25,0.35,0.9155159357386415,0.0010046410825047837
R06,25,residual,0.25,0.35,0.8188622161160215,0.0006619601189634826
R06,26,residual,0.25,0.35,0.8958340307617227,0.0012953119330711084
R06,28,residual,0.25,0.35,0.852197741325553,0.00032052872924359416
R06,50,residual,0.25,0.35,0.7319656004985116,0.00039523815171687015
R06,0,residual,0.4,0.0,0.8588297642683841,-0.0014202143740409863
R06,1,residual,0.4,0.0,0.9015681569455938,-0.0003343245775946274
R06,7,residual,0.4,0.0,0.6671546515204925,0.0019289565877544995
R06,11,residual,0.4,0.0,0.8940572434428393,-0.0007648083191872849
R06,12,residual,0.4,0.0,0.905165067649567,0.0003348949522312042
R06,17,residual,0.4,0.0,0.9162563386927584,0.0017450440366216279
R06,25,residual,0.4,0.0,0.8149794777137667,-0.0032207782832913384
R06,26,residual,0.4,0.0,0.8921424655990178,-0.0023962532296338897
R06,28,residual,0.4,0.0,0.8487780985214171,-0.0030991140748923666
R06,50,residual,0.4,0.0,0.7184250588870456,-0.013145303459749071
R06,0,residual,0.4,0.1,0.85921162169698,-0.001038356945445088
R06,1,residual,0.4,0.1,0.90172622272858,-0.00017625879460834098
R06,7,residual,0.4,0.1,0.6674038360199845,0.0021781410872465552
R06,11,residual,0.4,0.1,0.8946729349355864,-0.0001491168264402342
R06,12,residual,0.4,0.1,0.9057325591196127,0.0009023864222769876
R06,17,residual,0.4,0.1,0.9166555005364567,0.002144205880320005
R06,25,residual,0.4,0.1,0.8151946848740124,-0.0030055711230456174
R06,26,residual,0.4,0.1,0.8925784643961592,-0.001960254432492401
R06,28,residual,0.4,0.1,0.8489119424541726,-0.002965270142136884
R06,50,residual,0.4,0.1,0.7185536905638104,-0.0130166717829843
R06,0,residual,0.4,0.2,0.8595550791448173,-0.000694899497607792
R06,1,residual,0.4,0.2,0.9018482612962906,-5.4220226897879696e-05
R06,7,residual,0.4,0.2,0.6676347061874465,0.002409011254708466
R06,11,residual,0.4,0.2,0.8952513171572252,0.00042926539519859034
R06,12,residual,0.4,0.2,0.9062521064351071,0.001421933737771403
R06,17,residual,0.4,0.2,0.9169970587230057,0.0024857640668690187
R06,25,residual,0.4,0.2,0.8153957433842541,-0.002804512612803914
R06,26,residual,0.4,0.2,0.8929756428357062,-0.0015630759929454294
R06,28,residual,0.4,0.2,0.8490086717471196,-0.002868540849189886
R06,50,residual,0.4,0.2,0.7186750818999847,-0.01289528044680997
R06,0,residual,0.4,0.35,0.8599638061127217,-0.000286172529703424
R06,1,residual,0.4,0.35,0.9019251449285538,2.266340536538759e-05
R06,7,residual,0.4,0.35,0.6679488953255832,0.0027232003928452687
R06,11,residual,0.4,0.35,0.8960717773193556,0.0012497255573289874
R06,12,residual,0.4,0.35,0.9068696980409384,0.002039525343602639
R06,17,residual,0.4,0.35,0.9173241033499682,0.002812808693831505
R06,25,residual,0.4,0.35,0.815648907124053,-0.0025513488730049896
R06,26,residual,0.4,0.35,0.8934651153265877,-0.0010736035020639104
R06,28,residual,0.4,0.35,0.8491018677345492,-0.0027753448617602624
R06,50,residual,0.4,0.35,0.7188314830998499,-0.012738879246944798
R07,0,residual,0.25,0.0,0.8344778494827718,0.0
R07,1,residual,0.25,0.0,0.8845097815849292,0.0
R07,7,residual,0.25,0.0,0.6625212664128033,0.0
R07,11,residual,0.25,0.0,0.8851680932110295,0.0
R07,12,residual,0.25,0.0,0.899681564847721,0.0
R07,17,residual,0.25,0.0,0.8942031279403188,0.0
R07,25,residual,0.25,0.0,0.8085967326340274,0.0
R07,26,residual,0.25,0.0,0.84553601166412,0.0
R07,28,residual,0.25,0.0,0.825688022942368,0.0
R07,50,residual,0.25,0.0,0.6171476270049744,0.0
R07,0,residual,0.25,0.1,0.8342548138777675,-0.00022303560500440607
R07,1,residual,0.25,0.1,0.8841869777690453,-0.00032280381588390946
R07,7,residual,0.25,0.1,0.6620435853658251,-0.0004776810469782298
R07,11,residual,0.25,0.1,0.8849234391371698,-0.00024465407385978826
R07,12,residual,0.25,0.1,0.899568161865257,-0.00011340298246405939
R07,17,residual,0.25,0.1,0.8938973596557839,-0.0003057682845348438
R07,25,residual,0.25,0.1,0.8082874825203621,-0.0003092501136653302
R07,26,residual,0.25,0.1,0.8450838048039551,-0.00045220686016480497
R07,28,residual,0.25,0.1,0.8253749597161084,-0.00031306322625951203
R07,50,residual,0.25,0.1,0.617623754557683,0.0004761275527087134
R07,0,residual,0.25,0.2,0.8340090535760933,-0.00046879590667856164
R07,1,residual,0.25,0.2,0.8838411055656001,-0.0006686760193290637
R07,7,residual,0.25,0.2,0.6615102084231328,-0.0010110579896705284
R07,11,residual,0.25,0.2,0.884651200517796,-0.0005168926932335385
R07,12,residual,0.25,0.2,0.8994357887382236,-0.0002457761094974787
R07,17,residual,0.25,0.2,0.8935752550399938,-0.0006278729003249241
R07,25,residual,0.25,0.2,0.8079692303510602,-0.0006275022829672859
R07,26,residual,0.25,0.2,0.8446048810507597,-0.0009311306133601513
R07,28,residual,0.25,0.2,0.8250345179131967,-0.0006535050291712366
R07,50,residual,0.25,0.2,0.618097475288786,0.0009498482838116804
R07,0,residual,0.25,0.35,0.8336000053993116,-0.0008778440834602897
R07,1,residual,0.25,0.35,0.8832888202054183,-0.0012209613795109045
R07,7,residual,0.25,0.35,0.6606504098125008,-0.0018708566003025901
R07,11,residual,0.25,0.35,0.8842228213695462,-0.0009452718414833346
R07,12,residual,0.25,0.35,0.899215879043515,-0.00046568580420601187
R07,17,residual,0.25,0.35,0.8930223377351869,-0.001180790205131804
R07,25,residual,0.25,0.35,0.8074656968661887,-0.0011310357678387015
R07,26,residual,0.25,0.35,0.8438253083405445,-0.0017107033235753658
R07,28,residual,0.25,0.35,0.8244976250585613,-0.0011903978838066942
R07,50,residual,0.25,0.35,0.6187986995235109,0.0016510725185364247
R07,0,residual,0.4,0.0,0.8360249958420671,0.0015471463592953126
R07,1,residual,0.4,0.0,0.8837672313392196,-0.0007425502457096099
R07,7,residual,0.4,0.0,0.6777493961389902,0.015228129726186913
R07,11,residual,0.4,0.0,0.8844514465482294,-0.0007166466628001646
R07,12,residual,0.4,0.0,0.8990640262996351,-0.0006175385480859365
R07,17,residual,0.4,0.0,0.893264595541148,-0.0009385323991706877
R07,25,residual,0.4,0.0,0.8073049309695937,-0.0012918016644337808
R07,26,residual,0.4,0.0,0.8429448302639009,-0.0025911814002189944
R07,28,residual,0.4,0.0,0.8257524399512008,6.441700883290015e-05
R07,50,residual,0.4,0.0,0.6258750271928393,0.008727400187864871
R07,0,residual,0.4,0.1,0.8358028626606617,0.0013250131778898711
R07,1,residual,0.4,0.1,0.883470784453061,-0.0010389971318682132
R07,7,residual,0.4,0.1,0.6771746233455496,0.014653356932746194
R07,11,residual,0.4,0.1,0.8842185744336162,-0.0009495187774133335
R07,12,residual,0.4,0.1,0.8989459321973022,-0.0007356326504188162
R07,17,residual,0.4,0.1,0.8929614312883694,-0.0012416966519493916
R07,25,residual,0.4,0.1,0.8070016264114395,-0.001595106222587983
R07,26,residual,0.4,0.1,0.8425119225320328,-0.0030240891320871335
R07,28,residual,0.4,0.1,0.8254240774824098,-0.0002639454599582059
R07,50,residual,0.4,0.1,0.6264080108333692,0.009260383828394768
R07,0,residual,0.4,0.2,0.8355508491087262,0.0010729996259543995
R07,1,residual,0.4,0.2,0.8831381597259464,-0.0013716218589828282
R07,7,residual,0.4,0.2,0.6765239446708045,0.0140026782580011
R07,11,residual,0.4,0.2,0.8839591340932658,-0.0012089591177637945
R07,12,residual,0.4,0.2,0.8988028667796641,-0.0008786980680569032
R07,17,residual,0.4,0.2,0.8926378201444916,-0.0015653077958271383
R07,25,residual,0.4,0.2,0.806692864056253,-0.0019038685777744357
R07,26,residual,0.4,0.2,0.8420511703883615,-0.0034848412757584233
R07,28,residual,0.4,0.2,0.8250818983497581,-0.0006061245926098707
R07,50,residual,0.4,0.2,0.6269081153128062,0.009760488307831803
R07,0,residual,0.4,0.35,0.8351214279435071,0.0006435784607351558
R07,1,residual,0.4,0.35,0.8825861941540157,-0.001923587430913528
R07,7,residual,0.4,0.35,0.6754179031033094,0.012896636690506105
R07,11,residual,0.4,0.35,0.8835250520087402,-0.0016430412022893964
R07,12,residual,0.4,0.35,0.8985702327977544,-0.0011113320499666977
R07,17,residual,0.4,0.35,0.8920994012656929,-0.0021037266746258367
R07,25,residual,0.4,0.35,0.8062098738530409,-0.0023868587809865002
R07,26,residual,0.4,0.35,0.841311524367914,-0.0042244872962058505
R07,28,residual,0.4,0.35,0.8245534571890555,-0.00113456575331246
R07,50,residual,0.4,0.35,0.6275958724780805,0.010448245473106089
R08,0,residual,0.25,0.0,0.8554513537102257,0.0
R08,1,residual,0.25,0.0,0.8896006589280077,0.0
R08,7,residual,0.25,0.0,0.8204340377761318,0.0
R08,11,residual,0.25,0.0,0.8691102964817518,0.0
R08,12,residual,0.25,0.0,0.8885419633157019,0.0
R08,17,residual,0.25,0.0,0.9133381312227487,0.0
R08,25,residual,0.25,0.0,0.7913758638034426,0.0
R08,26,residual,0.25,0.0,0.828927841513295,0.0
R08,28,residual,0.25,0.0,0.8023092361533912,0.0
R08,50,residual,0.25,0.0,0.7087303308436415,0.0
R08,0,residual,0.25,0.1,0.8555940713352623,0.00014271762503655596
R08,1,residual,0.25,0.1,0.8897366202158479,0.00013596128784014306
R08,7,residual,0.25,0.1,0.8206122020853965,0.00017816430926479698
R08,11,residual,0.25,0.1,0.869172956940466,6.266045871426467e-05
R08,12,residual,0.25,0.1,0.88873215543533,0.00019019211962819732
R08,17,residual,0.25,0.1,0.9133109409323148,-2.7190290433807374e-05
R08,25,residual,0.25,0.1,0.7914783312754765,0.00010246747203386781
R08,26,residual,0.25,0.1,0.8291043549148984,0.0001765134016033121
R08,28,residual,0.25,0.1,0.8024405890454381,0.00013135289204695033
R08,50,residual,0.25,0.1,0.7093287384505393,0.00059840760689786
R08,0,residual,0.25,0.2,0.8557263725835591,0.00027501887333336296
R08,1,residual,0.25,0.2,0.8898627150275921,0.00026205609958431783
R08,7,residual,0.25,0.2,0.8207825533670852,0.00034851559095344886
R08,11,residual,0.25,0.2,0.8692233984871234,0.00011310200537160681
R08,12,residual,0.25,0.2,0.888904305566363,0.00036234225066120396
R08,17,residual,0.25,0.2,0.9132760203666244,-6.21108561241783e-05
R08,25,residual,0.25,0.2,0.7915778008956875,0.00020193709224488048
R08,26,residual,0.25,0.2,0.8292775051677641,0.00034966365446908597
R08,28,residual,0.25,0.2,0.8025602306981681,0.0002509945447768323
R08,50,residual,0.25,0.2,0.7099131366125477,0.0011828057689061808
R08,0,residual,0.25,0.35,0.8559074601867057,0.00045610647647989863
R08,1,residual,0.25,0.35,0.8900424100053037,0.0004417510772960491
R08,7,residual,0.25,0.35,0.8210182703667095,0.0005842325905777051
R08,11,residual,0.25,0.35,0.8692827849554634,0.0001724884737116927
R08,12,residual,0.25,0.35,0.8891316421511092,0.000589678835407309
R08,17,residual,0.25,0.35,0.9132084860727756,-0.00012964514997300522
R08,25,residual,0.25,0.35,0.7917222646642709,0.00034640086082825863
R08,26,residual,0.25,0.35,0.8295218344649911,0.0005939929516960075
R08,28,residual,0.25,0.35,0.8027178271047452,0.0004085909513539833
R08,50,residual,0.25,0.35,0.7107784081895616,0.0020480773459201347
R08,0,residual,0.4,0.0,0.8549495885375825,-0.0005017651726432701
R08,1,residual,0.4,0.0,0.8894885855806681,-0.0001120733473395936
R08,7,residual,0.4,0.0,0.8196427047519994,-0.0007913330241323421
R08,11,residual,0.4,0.0,0.8695050961538044,0.00039479967205274607
R08,12,residual,0.4,0.0,0.8887443012676741,0.00020233795197229876
R08,17,residual,0.4,0.0,0.9135281746147963,0.00019004339204772893
R08,25,residual,0.4,0.0,0.7894575290138339,-0.0019183347896086693
R08,26,residual,0.4,0.0,0.8279841634909839,-0.0009436780223111922
R08,28,residual,0.4,0.0,0.8021323909270207,-0.00017684522637045636
R08,50,residual,0.4,0.0,0.7044849605506098,-0.004245370293031622
R08,0,residual,0.4,0.1,0.8550971349159628,-0.00035421879426300736
R08,1,residual,0.4,0.1,0.8896256587278548,2.4999799847108338e-05
R08,7,residual,0.4,0.1,0.8198198927073093,-0.0006141450688225244
R08,11,residual,0.4,0.1,0.8695721122084168,0.0004618157266650941
R08,12,residual,0.4,0.1,0.8889448572388357,0.00040289392313382094
R08,17,residual,0.4,0.1,0.9135144896310153,0.00017635840826676685
R08,25,residual,0.4,0.1,0.7895656847088361,-0.0018101790946064987
R08,26,residual,0.4,0.1,0.8281614621308956,-0.0007663793823994576
R08,28,residual,0.4,0.1,0.802242186839612,-6.704931377915389e-05
R08,50,residual,0.4,0.1,0.7050841414140916,-0.0036461894295498577
R08,0,residual,0.4,0.2,0.8552344759756875,-0.0002168777345383309
R08,1,residual,0.4,0.2,0.8897525495069142,0.0001518905789064655
R08,7,residual,0.4,0.2,0.819984095740189,-0.00044994203594273316
R08,11,residual,0.4,0.2,0.8696351099327887,0.0005248134510369441
R08,12,residual,0.4,0.2,0.8891264757358056,0.0005845124201037032
R08,17,residual,0.4,0.2,0.9134925951770869,0.00015446395433831318
R08,25,residual,0.4,0.2,0.7896708368375371,-0.0017050269659054673
R08,26,residual,0.4,0.2,0.8283284558896505,-0.0005993856236445568
R08,28,residual,0.4,0.2,0.8023460199887533,3.678383536220908e-05
R08,50,residual,0.4,0.2,0.7056708232722497,-0.003059507571391751
R08,0,residual,0.4,0.35,0.8554178497364429,-3.350397378289133e-05
R08,1,residual,0.4,0.35,0.8899317042237743,0.00033104529576659955
R08,7,residual,0.4,0.35,0.8202118273353849,-0.00022221044074682245
R08,11,residual,0.4,0.35,0.8697096213625978,0.0005993248808460771
R08,12,residual,0.4,0.35,0.8893735462563591,0.000831582940657204
R08,17,residual,0.4,0.35,0.9134362651177645,9.813389501596331e-05
R08,25,residual,0.4,0.35,0.7898271261167248,-0.001548737686717834
R08,26,residual,0.4,0.35,0.8285643395493605,-0.00036350196393455497
R08,28,residual,0.4,0.35,0.8024846403176815,0.00017540416429037033
R08,50,residual,0.4,0.35,0.7064958245918179,-0.0022345062518235818
B,0,residual,0.25,0.0,0.9046182562525338,0.0
B,1,residual,0.25,0.0,0.9178115278553867,0.0
B,7,residual,0.25,0.0,0.8979951468334315,0.0
B,11,residual,0.25,0.0,0.8957436335452822,0.0
B,12,residual,0.25,0.0,0.9086468302621132,0.0
B,17,residual,0.25,0.0,0.938955038382624,0.0
B,25,residual,0.25,0.0,0.8444100426168661,0.0
B,26,residual,0.25,0.0,0.9212341385536061,0.0
B,28,residual,0.25,0.0,0.8480046677398905,0.0
B,50,residual,0.25,0.0,0.8576317329658965,0.0
B,0,residual,0.25,0.1,0.9049970642418792,0.0003788079893453999
B,1,residual,0.25,0.1,0.9178810157710927,6.948791570605418e-05
B,7,residual,0.25,0.1,0.8980778664796801,8.271964624864064e-05
B,11,residual,0.25,0.1,0.8961203876767221,0.00037675413143989475
B,12,residual,0.25,0.1,0.9093622753564383,0.0007154450943249982
B,17,residual,0.25,0.1,0.9393679396121687,0.0004129012295447281
B,25,residual,0.25,0.1,0.8446530898852638,0.0002430472683975112
B,26,residual,0.25,0.1,0.9216605519947565,0.00042641344115034856
B,28,residual,0.25,0.1,0.8482410949777113,0.00023642723782080772
B,50,residual,0.25,0.1,0.8580930591880782,0.0004613262221818653
B,0,residual,0.25,0.2,0.9053409429392026,0.0007226866866688172
B,1,residual,0.25,0.2,0.9179376768580136,0.0001261490026269961
B,7,residual,0.25,0.2,0.8981459089535696,0.0001507621201380535
B,11,residual,0.25,0.2,0.8964892397634496,0.0007456062181674391
B,12,residual,0.25,0.2,0.9100209343238433,0.001374104061730055
B,17,residual,0.25,0.2,0.9397130273404758,0.0007579889578518666
B,25,residual,0.25,0.2,0.8448858301701084,0.00047578755324223764
B,26,residual,0.25,0.2,0.9220606076005784,0.0008264690469723072
B,28,residual,0.25,0.2,0.8484668104746986,0.0004621427348081814
B,50,residual,0.25,0.2,0.8585234006959173,0.0008916677300209071
B,0,residual,0.25,0.35,0.9057741333117993,0.001155877059265588
B,1,residual,0.25,0.35,0.9179716524178755,0.00016012456248877234
B,7,residual,0.25,0.35,0.8981854246402211,0.00019027780678958063
B,11,residual,0.25,0.35,0.8969733735969713,0.001229740051689009
B,12,residual,0.25,0.35,0.9109107415891099,0.0022639113269965925
B,17,residual,0.25,0.35,0.9401113075181853,0.0011562691355613145
B,25,residual,0.25,0.35,0.8452227674849729,0.0008127248681067161
B,26,residual,0.25,0.35,0.9225436639270608,0.0013095253734546554
B,28,residual,0.25,0.35,0.8487659504240656,0.0007612826841750626
B,50,residual,0.25,0.35,0.859112324253626,0.0014805912877296004
B,0,residual,0.4,0.0,0.9045665619837895,-5.169426874425954e-05
B,1,residual,0.4,0.0,0.9172942399128008,-0.000517287942585843
B,7,residual,0.4,0.0,0.8975414157713756,-0.00045373106205589766
B,11,residual,0.4,0.0,0.8967949202699718,0.0010512867246895085
B,12,residual,0.4,0.0,0.9087136849087262,6.685464661286557e-05
B,17,residual,0.4,0.0,0.9380672790037763,-0.0008877593788476504
B,25,residual,0.4,0.0,0.8435207449174809,-0.0008892976993852902
B,26,residual,0.4,0.0,0.9206134729014461,-0.0006206656521599757
B,28,residual,0.4,0.0,0.8479380918813779,-6.657585851259904e-05
B,50,residual,0.4,0.0,0.8595882404166956,0.001956507450799177
B,0,residual,0.4,0.1,0.9049370179955942,0.00031876174306045814
B,1,residual,0.4,0.1,0.9173708565691189,-0.00044067128626782364
B,7,residual,0.4,0.1,0.8976066206627227,-0.0003885261707088689
B,11,residual,0.4,0.1,0.897175256157603,0.0014316226123207408
B,12,residual,0.4,0.1,0.9094168980816881,0.0007700678195749162
B,17,residual,0.4,0.1,0.9384573649226574,-0.0004976734599665303
B,25,residual,0.4,0.1,0.843760017685127,-0.0006500249317392384
B,26,residual,0.4,0.1,0.9210490960958513,-0.00018504245775479507
B,28,residual,0.4,0.1,0.8481684416294751,0.0001637738895846481
B,50,residual,0.4,0.1,0.8600429036291543,0.0024111706632578217
B,0,residual,0.4,0.2,0.9052820435970399,0.0006637873445061209
B,1,residual,0.4,0.2,0.9174280598671483,-0.000383467988238462
B,7,residual,0.4,0.2,0.897650128063253,-0.00034501877017853824
B,11,residual,0.4,0.2,0.8975427810811889,0.0017991475359066115
B,12,residual,0.4,0.2,0.9100735636244534,0.0014267333623400797
B,17,residual,0.4,0.2,0.93880705551925,-0.00014798286337398573
B,25,residual,0.4,0.2,0.8439915854802656,-0.00041845713660052615
B,26,residual,0.4,0.2,0.9214817430131169,0.00024760445951084816
B,28,residual,0.4,0.2,0.8483930517004974,0.00038838396060696725
B,50,residual,0.4,0.2,0.860477638756544,0.00284590579064768
B,0,residual,0.4,0.35,0.9057171185152888,0.0010988622627550058
B,1,residual,0.4,0.35,0.9174755260411068,-0.00033600181427987193
B,7,residual,0.4,0.35,0.8976380574026501,-0.0003570894307813277
B,11,residual,0.4,0.35,0.8980379942424815,0.0022943606971993287
B,12,residual,0.4,0.35,0.9109317713788226,0.002284941116709338
B,17,residual,0.4,0.35,0.9392124290052289,0.0002573906226049585
B,25,residual,0.4,0.35,0.8443185380103944,-9.15046064718342e-05
B,26,residual,0.4,0.35,0.9220636319808808,0.000829493427274672
B,28,residual,0.4,0.35,0.8487000270712864,0.0006953593313960056
B,50,residual,0.4,0.35,0.8610585649313609,0.0034268319654645386
R04,0,direct,0.25,0.0,0.8561998881931512,0.0
R04,1,direct,0.25,0.0,0.8909279876321268,0.0
R04,7,direct,0.25,0.0,0.8720892976295874,0.0
R04,11,direct,0.25,0.0,0.8926594651280707,0.0
R04,12,direct,0.25,0.0,0.8911044815427286,0.0
R04,17,direct,0.25,0.0,0.7860241646780209,0.0
R04,25,direct,0.25,0.0,0.8289475106042336,0.0
R04,26,direct,0.25,0.0,0.8506982565073868,0.0
R04,28,direct,0.25,0.0,0.8493671704000594,0.0
R04,50,direct,0.25,0.0,0.8842482572994683,0.0
R04,0,direct,0.25,0.1,0.85642726912237,0.0002273809292188362
R04,1,direct,0.25,0.1,0.8911475708242774,0.00021958319215067179
R04,7,direct,0.25,0.1,0.872151760637105,6.246300751761986e-05
R04,11,direct,0.25,0.1,0.8930512296586307,0.00039176453055995546
R04,12,direct,0.25,0.1,0.8913394587742186,0.0002349772314899696
R04,17,direct,0.25,0.1,0.7860626546777123,3.8489999691308416e-05
R04,25,direct,0.25,0.1,0.8292217706445777,0.0002742600403441558
R04,26,direct,0.25,0.1,0.8512860748926929,0.0005878183853061052
R04,28,direct,0.25,0.1,0.849706296508907,0.00033912610884761596
R04,50,direct,0.25,0.1,0.884520942548999,0.0002726852495306177
R04,0,direct,0.25,0.2,0.8566292197176785,0.00042933152452733983
R04,1,direct,0.25,0.2,0.891341680185856,0.00041369255372923804
R04,7,direct,0.25,0.2,0.8721986891529844,0.00010939152339700144
R04,11,direct,0.25,0.2,0.8934116422387484,0.0007521771106776811
R04,12,direct,0.25,0.2,0.8915408716767093,0.0004363901339806583
R04,17,direct,0.25,0.2,0.7860855041569905,6.133947896958542e-05
R04,25,direct,0.25,0.2,0.8294477043226628,0.0005001937184293018
R04,26,direct,0.25,0.2,0.8518470288061527,0.0011487722987658557
R04,28,direct,0.25,0.2,0.8500304542390535,0.0006632838389941002
R04,50,direct,0.25,0.2,0.8847585025062061,0.0005102452067376924
R04,0,direct,0.25,0.35,0.8568728384709552,0.000672950277804131
R04,1,direct,0.25,0.35,0.8916034452176037,0.0006754575854769973
R04,7,direct,0.25,0.35,0.872193760426077,0.00010446279648956835
R04,11,direct,0.25,0.35,0.8938976558508206,0.00123819072274989
R04,12,direct,0.25,0.35,0.8917564573628357,0.0006519758201070589
R04,17,direct,0.25,0.35,0.7860932116099698,6.904693194886788e-05
R04,25,direct,0.25,0.35,0.8296795735420691,0.0007320629378356113
R04,26,direct,0.25,0.35,0.8526067690719474,0.0019085125645605643
R04,28,direct,0.25,0.35,0.8504535041911646,0.0010863337911051925
R04,50,direct,0.25,0.35,0.8850413574492368,0.0007931001497684175
R04,0,direct,0.4,0.0,0.8564263419089868,0.000226453715835716
R04,1,direct,0.4,0.0,0.891101382000345,0.0001733943682183854
R04,7,direct,0.4,0.0,0.8722165049741726,0.00012720734458512893
R04,11,direct,0.4,0.0,0.8930048026583717,0.00034533753030090364
R04,12,direct,0.4,0.0,0.8915974697957331,0.0004929882530044473
R04,17,direct,0.4,0.0,0.7870287255317499,0.0010045608537288474
R04,25,direct,0.4,0.0,0.8295610989479469,0.0006135883437134304
R04,26,direct,0.4,0.0,0.8481492651019431,-0.0025489914054436956
R04,28,direct,0.4,0.0,0.8492295557496127,-0.00013761465044673203
R04,50,direct,0.4,0.0,0.8843869477496205,0.00013869045015202342
R04,0,direct,0.4,0.1,0.8566570285653423,0.00045714037219114426
R04,1,direct,0.4,0.1,0.8913218614559637,0.0003938738238369343
R04,7,direct,0.4,0.1,0.8722815949848879,0.00019229735530056798
R04,11,direct,0.4,0.1,0.8934063850218604,0.0007469198937896613
R04,12,direct,0.4,0.1,0.8918119522942797,0.0007074707515511202
R04,17,direct,0.4,0.1,0.7870736575666157,0.0010494928885948056
R04,25,direct,0.4,0.1,0.8298590944360198,0.0009115838317863004
R04,26,direct,0.4,0.1,0.8487604678441789,-0.0019377886632079336
R04,28,direct,0.4,0.1,0.849575215853834,0.0002080454537746275
R04,50,direct,0.4,0.1,0.8846615845297088,0.0004133272302404459
R04,0,direct,0.4,0.2,0.8568590784823994,0.0006591902892482361
R04,1,direct,0.4,0.2,0.8915269966676923,0.0005990090355656055
R04,7,direct,0.4,0.2,0.872324236235462,0.00023493860587450735
R04,11,direct,0.4,0.2,0.8937757138881887,0.001116248760117968
R04,12,direct,0.4,0.2,0.8919784419757187,0.0008739604329901432
R04,17,direct,0.4,0.2,0.7871001037618804,0.001075939083859491
R04,25,direct,0.4,0.2,0.8301182437904949,0.001170733186261389
R04,26,direct,0.4,0.2,0.8493342494738734,-0.0013640070335134583
R04,28,direct,0.4,0.2,0.8498948851217605,0.0005277147217010729
R04,50,direct,0.4,0.2,0.8849096799798315,0.0006614226803630756
R04,0,direct,0.4,0.35,0.8571084848436392,0.0009085966504880882
R04,1,direct,0.4,0.35,0.891808889443157,0.0008809018110301916
R04,7,direct,0.4,0.35,0.8723379319882302,0.00024863435864277045
R04,11,direct,0.4,0.35,0.8942688734847501,0.0016094083566794526
R04,12,direct,0.4,0.35,0.8921517612436136,0.0010472797008849659
R04,17,direct,0.4,0.35,0.7871169015512055,0.0010927368731845984
R04,25,direct,0.4,0.35,0.8303930728176895,0.0014455622134559591
R04,26,direct,0.4,0.35,0.8501359282973349,-0.000562328210051968
R04,28,direct,0.4,0.35,0.8503170349636011,0.0009498645635416582
R04,50,direct,0.4,0.35,0.8851986390180994,0.0009503817186309669
R05,0,direct,0.25,0.0,0.8536213908020605,0.0
R05,1,direct,0.25,0.0,0.8564863868007133,0.0
R05,7,direct,0.25,0.0,0.8114738653840068,0.0
R05,11,direct,0.25,0.0,0.8860726430841815,0.0
R05,12,direct,0.25,0.0,0.8788066074031742,0.0
R05,17,direct,0.25,0.0,0.9041539039826848,0.0
R05,25,direct,0.25,0.0,0.7404070610995712,0.0
R05,26,direct,0.25,0.0,0.8041194482996409,0.0
R05,28,direct,0.25,0.0,0.7813790616611568,0.0
R05,50,direct,0.25,0.0,0.7911797280108694,0.0
R05,0,direct,0.25,0.1,0.8542857590748728,0.0006643682728123363
R05,1,direct,0.25,0.1,0.8566515980149174,0.0001652112142040716
R05,7,direct,0.25,0.1,0.8116052075195355,0.00013134213552876925
R05,11,direct,0.25,0.1,0.8867086186371911,0.0006359755530096214
R05,12,direct,0.25,0.1,0.8793233948158519,0.0005167874126776327
R05,17,direct,0.25,0.1,0.9055732907037489,0.0014193867210641649
R05,25,direct,0.25,0.1,0.7411311557507794,0.0007240946512081036
R05,26,direct,0.25,0.1,0.8047635181935844,0.0006440698939434803
R05,28,direct,0.25,0.1,0.7819584700937513,0.000579408432594483
R05,50,direct,0.25,0.1,0.7913051437681953,0.00012541575732585898
R05,0,direct,0.25,0.2,0.8548332635810068,0.0012118727789462587
R05,1,direct,0.25,0.2,0.8567629363709846,0.0002765495702713096
R05,7,direct,0.25,0.2,0.8116973969962131,0.00022353161220637708
R05,11,direct,0.25,0.2,0.887242280286344,0.0011696372021624594
R05,12,direct,0.25,0.2,0.879747354645083,0.0009407472419087956
R05,17,direct,0.25,0.2,0.9067345461775497,0.0025806421948648497
R05,25,direct,0.25,0.2,0.7417778320661679,0.001370770966596593
R05,26,direct,0.25,0.2,0.8053464533539891,0.001227005054348335
R05,28,direct,0.25,0.2,0.7824486495262579,0.0010695878651010935
R05,50,direct,0.25,0.2,0.7913941306689136,0.00021440265804412842
R05,0,direct,0.25,0.35,0.8554720508161775,0.0018506600141170247
R05,1,direct,0.25,0.35,0.8568777578169009,0.0003913710161876391
R05,7,direct,0.25,0.35,0.8117685277942538,0.0002946624102470418
R05,11,direct,0.25,0.35,0.8878919057313115,0.001819262647129945
R05,12,direct,0.25,0.35,0.8802722678714634,0.0014656604682892226
R05,17,direct,0.25,0.35,0.9080517858051287,0.003897881822443904
R05,25,direct,0.25,0.35,0.742621341022209,0.002214279922637732
R05,26,direct,0.25,0.35,0.806079064751757,0.0019596164521161045
R05,28,direct,0.25,0.35,0.7830559894790765,0.0016769278179197644
R05,50,direct,0.25,0.35,0.7914669837308189,0.00028725571994946635
R05,0,direct,0.4,0.0,0.8499112863898721,-0.0037101044121883786
R05,1,direct,0.4,0.0,0.8525689730304067,-0.003917413770306564
R05,7,direct,0.4,0.0,0.8204200659340766,0.008946200550069842
R05,11,direct,0.4,0.0,0.883397753413861,-0.0026748896703205323
R05,12,direct,0.4,0.0,0.8755461549080763,-0.0032604524950978595
R05,17,direct,0.4,0.0,0.9019595314334102,-0.002194372549274586
R05,25,direct,0.4,0.0,0.7371910136724391,-0.003216047427132161
R05,26,direct,0.4,0.0,0.7961109037236599,-0.008008544575980969
R05,28,direct,0.4,0.0,0.7770180394589259,-0.0043610222022308276
R05,50,direct,0.4,0.0,0.7744119987223864,-0.016767729288483
R05,0,direct,0.4,0.1,0.8505657055848879,-0.0030556852171725922
R05,1,direct,0.4,0.1,0.8527618352942131,-0.0037245515065001604
R05,7,direct,0.4,0.1,0.8205411375154391,0.009067272131432328
R05,11,direct,0.4,0.1,0.8840110901643826,-0.0020615529197989253
R05,12,direct,0.4,0.1,0.8760366221404501,-0.0027699852627241597
R05,17,direct,0.4,0.1,0.9033665497164285,-0.0007873542662562715
R05,25,direct,0.4,0.1,0.7379319161935293,-0.0024751449060420017
R05,26,direct,0.4,0.1,0.7967314732815582,-0.007387975018082664
R05,28,direct,0.4,0.1,0.7775888182311556,-0.0037902434300012395
R05,50,direct,0.4,0.1,0.7745463117528811,-0.016633416257988268
R05,0,direct,0.4,0.2,0.8510995693016319,-0.0025218215004284856
R05,1,direct,0.4,0.2,0.8528977428563701,-0.0035886439443431717
R05,7,direct,0.4,0.2,0.8206206617584507,0.009146796374443933
R05,11,direct,0.4,0.2,0.8845310214549255,-0.0015416216292560177
R05,12,direct,0.4,0.2,0.8764588513184652,-0.0023477560847089624
R05,17,direct,0.4,0.2,0.9044927970587944,0.0003388930761095779
R05,25,direct,0.4,0.2,0.738549815945588,-0.0018572451539833116
R05,26,direct,0.4,0.2,0.7972925006936317,-0.006826947606009201
R05,28,direct,0.4,0.2,0.7780624552215412,-0.003316606439615558
R05,50,direct,0.4,0.2,0.7746328873733385,-0.016546840637530938
R05,0,direct,0.4,0.35,0.8517233187027955,-0.001898072099264918
R05,1,direct,0.4,0.35,0.853008736722161,-0.003477650078552276
R05,7,direct,0.4,0.35,0.8206891916842709,0.009215326300264082
R05,11,direct,0.4,0.35,0.8851598597185099,-0.0009127833656716197
R05,12,direct,0.4,0.35,0.8769542192524885,-0.0018523881506857074
R05,17,direct,0.4,0.35,0.9058035223680302,0.001649618385345406
R05,25,direct,0.4,0.35,0.7393582979033275,-0.0010487631962438045
R05,26,direct,0.4,0.35,0.7979931974588025,-0.006126250840838387
R05,28,direct,0.4,0.35,0.778649583929294,-0.002729477731862892
R05,50,direct,0.4,0.35,0.7747008149255107,-0.016478913085358766
R06,0,direct,0.25,0.0,0.8602499786424251,0.0
R06,1,direct,0.25,0.0,0.9019024815231884,0.0
R06,7,direct,0.25,0.0,0.665225694932738,0.0
R06,11,direct,0.25,0.0,0.8948220517620267,0.0
R06,12,direct,0.25,0.0,0.9048301726973358,0.0
R06,17,direct,0.25,0.0,0.9145112946561367,0.0
R06,25,direct,0.25,0.0,0.818200255997058,0.0
R06,26,direct,0.25,0.0,0.8945387188286517,0.0
R06,28,direct,0.25,0.0,0.8518772125963094,0.0
R06,50,direct,0.25,0.0,0.7315703623467946,0.0
R06,0,direct,0.25,0.1,0.8607201361837161,0.0004701575412910547
R06,1,direct,0.25,0.1,0.9021681576106042,0.0002656760874157961
R06,7,direct,0.25,0.1,0.66548090415592,0.0002552092231819536
R06,11,direct,0.25,0.1,0.8954904840935974,0.0006684323315708408
R06,12,direct,0.25,0.1,0.9055046645682809,0.0006744918709451553
R06,17,direct,0.25,0.1,0.9150515108248617,0.0005402161687250136
R06,25,direct,0.25,0.1,0.8185394335538498,0.00033917755679188226
R06,26,direct,0.25,0.1,0.8950218538143234,0.00048313498567175805
R06,28,direct,0.25,0.1,0.8520390195360477,0.00016180693973824045
R06,50,direct,0.25,0.1,0.7317774949275511,0.0002071325807564121
R06,0,direct,0.25,0.2,0.8610861864902664,0.0008362078478412881
R06,1,direct,0.25,0.2,0.9023435877482694,0.00044110622508097125
R06,7,direct,0.25,0.2,0.6656891286869311,0.00046343375419316394
R06,11,direct,0.25,0.2,0.896105278870809,0.0012832271087824115
R06,12,direct,0.25,0.2,0.9060801168808624,0.0012499441835266496
R06,17,direct,0.25,0.2,0.9153968886005042,0.0008855939443674151
R06,25,direct,0.25,0.2,0.8187682765236258,0.0005680205265677846
R06,26,direct,0.25,0.2,0.8954053569050693,0.0008666380764176159
R06,28,direct,0.25,0.2,0.8521199959471653,0.0002427833508557954
R06,50,direct,0.25,0.2,0.7319425873647988,0.0003722250180041526
R06,0,direct,0.25,0.35,0.8614057211710403,0.001155742528615183
R06,1,direct,0.25,0.35,0.9024412399539757,0.0005387584307873426
R06,7,direct,0.25,0.35,0.6659504649307935,0.0007247699980554218
R06,11,direct,0.25,0.35,0.8969198114276274,0.0020977596656007644
R06,12,direct,0.25,0.35,0.9066728860759585,0.0018427133786228255
R06,17,direct,0.25,0.35,0.9154375882668393,0.0009262936107026244
R06,25,direct,0.25,0.35,0.8190041226249821,0.0008038666279241414
R06,26,direct,0.25,0.35,0.8957981674713983,0.0012594486427466405
R06,28,direct,0.25,0.35,0.852117902963842,0.00024069036753260293
R06,50,direct,0.25,0.35,0.73211706213581,0.0005466997890153303
R06,0,direct,0.4,0.0,0.8588297642683841,-0.0014202143740409863
R06,1,direct,0.4,0.0,0.9015681569455938,-0.0003343245775946274
R06,7,direct,0.4,0.0,0.6671546515204925,0.0019289565877544995
R06,11,direct,0.4,0.0,0.8940572434428393,-0.0007648083191872849
R06,12,direct,0.4,0.0,0.905165067649567,0.0003348949522312042
R06,17,direct,0.4,0.0,0.9162563386927584,0.0017450440366216279
R06,25,direct,0.4,0.0,0.8149794777137667,-0.0032207782832913384
R06,26,direct,0.4,0.0,0.8921424655990178,-0.0023962532296338897
R06,28,direct,0.4,0.0,0.8487780985214171,-0.0030991140748923666
R06,50,direct,0.4,0.0,0.7184250588870456,-0.013145303459749071
R06,0,direct,0.4,0.1,0.8593085702617851,-0.000941408380640035
R06,1,direct,0.4,0.1,0.9018219007689745,-8.058075421393807e-05
R06,7,direct,0.4,0.1,0.6674331086120189,0.002207413679280922
R06,11,direct,0.4,0.1,0.8947096669919297,-0.00011238477009696065
R06,12,direct,0.4,0.1,0.9058505328562081,0.0010203601588723848
R06,17,direct,0.4,0.1,0.9168310498861708,0.00231975523003411
R06,25,direct,0.4,0.1,0.8153434796696963,-0.002856776327361615
R06,26,direct,0.4,0.1,0.8926062965710182,-0.001932422257633468
R06,28,direct,0.4,0.1,0.8489419419804026,-0.0029352706159068397
R06,50,direct,0.4,0.1,0.7186355956737203,-0.012934766673074423
R06,0,direct,0.4,0.2,0.8596769708724814,-0.0005730077699437137
R06,1,direct,0.4,0.2,0.9019827164719766,8.023494878811982e-05
R06,7,direct,0.4,0.2,0.6676874667525791,0.0024617718198410876
R06,11,direct,0.4,0.2,0.8953081490014497,0.00048609723942308737
R06,12,direct,0.4,0.2,0.9063811531328506,0.00155098043551486
R06,17,direct,0.4,0.2,0.917207633405749,0.0026963387496122823
R06,25,direct,0.4,0.2,0.8155925082234765,-0.002607747773581524
R06,26,direct,0.4,0.2,0.8929388479696942,-0.0015998708589573332
R06,28,direct,0.4,0.2,0.8490576856015277,-0.0028195269947816678
R06,50,direct,0.4,0.2,0.7188311876135642,-0.01273917473323044
R06,0,direct,0.4,0.35,0.8600303221375323,-0.00021965650489275153
R06,1,direct,0.4,0.35,0.902102994885563,0.00020051336237462348
R06,7,direct,0.4,0.35,0.6679844281767098,0.00275873324397171
R06,11,direct,0.4,0.35,0.8961302023977449,0.001308150635718251
R06,12,direct,0.4,0.35,0.9069609895955936,0.002130816898257864
R06,17,direct,0.4,0.35,0.9173610241777875,0.002849729521650803
R06,25,direct,0.4,0.35,0.8158635179554745,-0.002336738041583447
R06,26,direct,0.4,0.35,0.8932106596977931,-0.0013280591308584431
R06,28,direct,0.4,0.35,0.8491148687667256,-0.0027623438295838266
R06,50,direct,0.4,0.35,0.7190668279826818,-0.012503534364112775
R07,0,direct,0.25,0.0,0.8344778494827718,0.0
R07,1,direct,0.25,0.0,0.8845097815849292,0.0
R07,7,direct,0.25,0.0,0.6625212664128033,0.0
R07,11,direct,0.25,0.0,0.8851680932110295,0.0
R07,12,direct,0.25,0.0,0.899681564847721,0.0
R07,17,direct,0.25,0.0,0.8942031279403188,0.0
R07,25,direct,0.25,0.0,0.8085967326340274,0.0
R07,26,direct,0.25,0.0,0.84553601166412,0.0
R07,28,direct,0.25,0.0,0.825688022942368,0.0
R07,50,direct,0.25,0.0,0.6171476270049744,0.0
R07,0,direct,0.25,0.1,0.834219327609716,-0.00025852187305593544
R07,1,direct,0.25,0.1,0.8842769772551814,-0.0002328043297478808
R07,7,direct,0.25,0.1,0.6619259778372755,-0.0005952885755278747
R07,11,direct,0.25,0.1,0.8852395502093873,7.145699835769506e-05
R07,12,direct,0.25,0.1,0.8995545298750567,-0.0001270349726643407
R07,17,direct,0.25,0.1,0.8936610216056319,-0.0005421063346868176
R07,25,direct,0.25,0.1,0.8080029736426132,-0.0005937589914141703
R07,26,direct,0.25,0.1,0.8445406396445694,-0.0009953720195505736
R07,28,direct,0.25,0.1,0.825096109221682,-0.0005919137206859857
R07,50,direct,0.25,0.1,0.6181117621830464,0.0009641351780720674
R07,0,direct,0.25,0.2,0.8339068093808041,-0.0005710401019677859
R07,1,direct,0.25,0.2,0.8839929479522257,-0.000516833632703518
R07,7,direct,0.25,0.2,0.6612566234866057,-0.0012646429261976672
R07,11,direct,0.25,0.2,0.8852633695382309,9.52763272013697e-05
R07,12,direct,0.25,0.2,0.899370446558389,-0.00031111828933198706
R07,17,direct,0.25,0.2,0.893072881967663,-0.0011302459726557584
R07,25,direct,0.25,0.2,0.8073642084603555,-0.001232524173671903
R07,26,direct,0.25,0.2,0.8434659573341408,-0.0020700543299790974
R07,28,direct,0.25,0.2,0.8244418901005373,-0.001246132841830756
R07,50,direct,0.25,0.2,0.6190365410637206,0.0018889140587463468
R07,0,direct,0.25,0.35,0.8333142845421971,-0.001163564940574747
R07,1,direct,0.25,0.35,0.8835081207159263,-0.0010016608690028618
R07,7,direct,0.25,0.35,0.6601409541629337,-0.0023803122498697103
R07,11,direct,0.25,0.35,0.8852002763862842,3.218317525457665e-05
R07,12,direct,0.25,0.35,0.8989693660521562,-0.0007121987955648581
R07,17,direct,0.25,0.35,0.8920107869380282,-0.0021923410022906147
R07,25,direct,0.25,0.35,0.8063413761799879,-0.0022553564540394927
R07,26,direct,0.25,0.35,0.8417190819462573,-0.0038169297178625625
R07,28,direct,0.25,0.35,0.8234115883179015,-0.0022764346244664533
R07,50,direct,0.25,0.35,0.6202889283619235,0.003141301356949116
R07,0,direct,0.4,0.0,0.8360249958420671,0.0015471463592953126
R07,1,direct,0.4,0.0,0.8837672313392196,-0.0007425502457096099
R07,7,direct,0.4,0.0,0.6777493961389902,0.015228129726186913
R07,11,direct,0.4,0.0,0.8844514465482294,-0.0007166466628001646
R07,12,direct,0.4,0.0,0.8990640262996351,-0.0006175385480859365
R07,17,direct,0.4,0.0,0.893264595541148,-0.0009385323991706877
R07,25,direct,0.4,0.0,0.8073049309695937,-0.0012918016644337808
R07,26,direct,0.4,0.0,0.8429448302639009,-0.0025911814002189944
R07,28,direct,0.4,0.0,0.8257524399512008,6.441700883290015e-05
R07,50,direct,0.4,0.0,0.6258750271928393,0.008727400187864871
R07,0,direct,0.4,0.1,0.8357674314843513,0.0012895820015794838
R07,1,direct,0.4,0.1,0.8835684013018824,-0.0009413802830468151
R07,7,direct,0.4,0.1,0.677049704023521,0.014528437610717612
R07,11,direct,0.4,0.1,0.884532328498451,-0.0006357647125786389
R07,12,direct,0.4,0.1,0.8989239768899352,-0.0007575879577858635
R07,17,direct,0.4,0.1,0.8927134145333864,-0.0014897134069323855
R07,25,direct,0.4,0.1,0.806724967051591,-0.001871765582436432
R07,26,direct,0.4,0.1,0.8419999833137162,-0.003536028350403674
R07,28,direct,0.4,0.1,0.8251423457454246,-0.0005456771969434454
R07,50,direct,0.4,0.1,0.62691787461469,0.009770247609715559
R07,0,direct,0.4,0.2,0.835443226270985,0.000965376788213191
R07,1,direct,0.4,0.2,0.8833092405681627,-0.0012005410167664906
R07,7,direct,0.4,0.2,0.6762197148942393,0.01369844848143598
R07,11,direct,0.4,0.2,0.8845613513325055,-0.0006067418785241336
R07,12,direct,0.4,0.2,0.898720760303192,-0.0009608045445289645
R07,17,direct,0.4,0.2,0.8921033097089468,-0.002099818231371924
R07,25,direct,0.4,0.2,0.8061168806131989,-0.0024798520208285835
R07,26,direct,0.4,0.2,0.8409565815052269,-0.00457943015889306
R07,28,direct,0.4,0.2,0.8245006399528416,-0.0011873829895262876
R07,50,direct,0.4,0.2,0.6279010555432651,0.010753428538290782
R07,0,direct,0.4,0.35,0.8348397260744087,0.00036187659163683584
R07,1,direct,0.4,0.35,0.8828103917659279,-0.001699389819001314
R07,7,direct,0.4,0.35,0.6748352188498676,0.012313952437064284
R07,11,direct,0.4,0.35,0.8845134853471008,-0.0006546078639287463
R07,12,direct,0.4,0.35,0.8983170388774581,-0.0013645259702630035
R07,17,direct,0.4,0.35,0.8910318536864664,-0.0031712742538523046
R07,25,direct,0.4,0.35,0.8051123622967387,-0.0034843703372887487
R07,26,direct,0.4,0.35,0.8392682710808356,-0.006267740583284352
R07,28,direct,0.4,0.35,0.8234659450319061,-0.0022220779104618472
R07,50,direct,0.4,0.35,0.6292796196051906,0.012131992600216213
R08,0,direct,0.25,0.0,0.8554513537102257,0.0
R08,1,direct,0.25,0.0,0.8896006589280077,0.0
R08,7,direct,0.25,0.0,0.8204340377761318,0.0
R08,11,direct,0.25,0.0,0.8691102964817518,0.0
R08,12,direct,0.25,0.0,0.8885419633157019,0.0
R08,17,direct,0.25,0.0,0.9133381312227487,0.0
R08,25,direct,0.25,0.0,0.7913758638034426,0.0
R08,26,direct,0.25,0.0,0.828927841513295,0.0
R08,28,direct,0.25,0.0,0.8023092361533912,0.0
R08,50,direct,0.25,0.0,0.7087303308436415,0.0
R08,0,direct,0.25,0.1,0.8557355727935456,0.00028421908331983405
R08,1,direct,0.25,0.1,0.8898987796250191,0.0002981206970113707
R08,7,direct,0.25,0.1,0.8212045247521771,0.0007704869760453892
R08,11,direct,0.25,0.1,0.8694218789020343,0.00031158242028256003
R08,12,direct,0.25,0.1,0.8889215478110613,0.0003795844953594415
R08,17,direct,0.25,0.1,0.9132945239972836,-4.360722546497613e-05
R08,25,direct,0.25,0.1,0.7912125162386301,-0.0001633475648125139
R08,26,direct,0.25,0.1,0.8293473397811066,0.00041949826781157893
R08,28,direct,0.25,0.1,0.802549453618348,0.00024021746495681657
R08,50,direct,0.25,0.1,0.7091676555364366,0.00043732469279510774
R08,0,direct,0.25,0.2,0.8559757089934381,0.000524355283212375
R08,1,direct,0.25,0.2,0.8901695289727137,0.0005688700447059952
R08,7,direct,0.25,0.2,0.8219142438002031,0.0014802060240713371
R08,11,direct,0.25,0.2,0.869695880567027,0.0005855840852751808
R08,12,direct,0.25,0.2,0.8892694619942858,0.0007274986785840016
R08,17,direct,0.25,0.2,0.9131765668452738,-0.0001615643774747383
R08,25,direct,0.25,0.2,0.7910267778495765,-0.0003490859538660532
R08,26,direct,0.25,0.2,0.8297192856918106,0.0007914441785155571
R08,28,direct,0.25,0.2,0.8027598140066351,0.00045057785324395023
R08,50,direct,0.25,0.2,0.7095992349221445,0.0008689040785029344
R08,0,direct,0.25,0.35,0.8562543492122877,0.0008029955020618703
R08,1,direct,0.25,0.35,0.890550475230107,0.0009498163020992773
R08,7,direct,0.25,0.35,0.8228553544574396,0.0024213166813078476
R08,11,direct,0.25,0.35,0.8700403089362827,0.00093001245453094
R08,12,direct,0.25,0.35,0.8896625035679631,0.0011205402522612414
R08,17,direct,0.25,0.35,0.9128961510807245,-0.0004419801420240892
R08,25,direct,0.25,0.35,0.7906858315578906,-0.000690032245551926
R08,26,direct,0.25,0.35,0.8302314449220121,0.0013036034087169366
R08,28,direct,0.25,0.35,0.8029990107337357,0.0006897745803444953
R08,50,direct,0.25,0.35,0.7102287421989455,0.0014984113553040428
R08,0,direct,0.4,0.0,0.8549495885375825,-0.0005017651726432701
R08,1,direct,0.4,0.0,0.8894885855806681,-0.0001120733473395936
R08,7,direct,0.4,0.0,0.8196427047519994,-0.0007913330241323421
R08,11,direct,0.4,0.0,0.8695050961538044,0.00039479967205274607
R08,12,direct,0.4,0.0,0.8887443012676741,0.00020233795197229876
R08,17,direct,0.4,0.0,0.9135281746147963,0.00019004339204772893
R08,25,direct,0.4,0.0,0.7894575290138339,-0.0019183347896086693
R08,26,direct,0.4,0.0,0.8279841634909839,-0.0009436780223111922
R08,28,direct,0.4,0.0,0.8021323909270207,-0.00017684522637045636
R08,50,direct,0.4,0.0,0.7044849605506098,-0.004245370293031622
R08,0,direct,0.4,0.1,0.8552399074674875,-0.00021144624273831147
R08,1,direct,0.4,0.1,0.88978557395301,0.00018491502500226942
R08,7,direct,0.4,0.1,0.820405348847716,-2.8688928415743468e-05
R08,11,direct,0.4,0.1,0.8698210205064864,0.000710724024734653
R08,12,direct,0.4,0.1,0.889145372188915,0.0006034088732130981
R08,17,direct,0.4,0.1,0.9134961203193914,0.00015798909664283808
R08,25,direct,0.4,0.1,0.7892992601059908,-0.0020766036974517723
R08,26,direct,0.4,0.1,0.8284040476706063,-0.0005237938426887349
R08,28,direct,0.4,0.1,0.802340299675605,3.106352221383398e-05
R08,50,direct,0.4,0.1,0.7049396220618568,-0.0037907087817847175
R08,0,direct,0.4,0.2,0.855483317158416,3.196344819019291e-05
R08,1,direct,0.4,0.2,0.8900566971366728,0.00045603820866515
R08,7,direct,0.4,0.2,0.8211058160516997,0.0006717782755680604
R08,11,direct,0.4,0.2,0.8701053296193957,0.000995033137644006
R08,12,direct,0.4,0.2,0.8894989159139581,0.0009569525982562429
R08,17,direct,0.4,0.2,0.9133942597437347,5.612852098609915e-05
R08,25,direct,0.4,0.2,0.7890981143484141,-0.0022777494550284
R08,26,direct,0.4,0.2,0.8287697394277032,-0.000158102085591881
R08,28,direct,0.4,0.2,0.802521508044027,0.00021227189063585545
R08,50,direct,0.4,0.2,0.7053757136726939,-0.003354617170947693
R08,0,direct,0.4,0.35,0.855756752018299,0.0003053983080732387
R08,1,direct,0.4,0.35,0.8904369538731568,0.0008362949451491355
R08,7,direct,0.4,0.35,0.8220334957492413,0.0015994579731096346
R08,11,direct,0.4,0.35,0.8704761165838318,0.0013658201020801044
R08,12,direct,0.4,0.35,0.8899043875687264,0.0013624242530245216
R08,17,direct,0.4,0.35,0.9131066206295344,-0.00023151059321413467
R08,25,direct,0.4,0.35,0.7887091671814788,-0.002666696621963792
R08,26,direct,0.4,0.35,0.829275158359789,0.0003473168464940414
R08,28,direct,0.4,0.35,0.8027423532591041,0.00043311710571298574
R08,50,direct,0.4,0.35,0.7059537532333289,-0.0027765776103127085
B,0,direct,0.25,0.0,0.9046182562525338,0.0
B,1,direct,0.25,0.0,0.9178115278553867,0.0
B,7,direct,0.25,0.0,0.8979951468334315,0.0
B,11,direct,0.25,0.0,0.8957436335452822,0.0
B,12,direct,0.25,0.0,0.9086468302621132,0.0
B,17,direct,0.25,0.0,0.938955038382624,0.0
B,25,direct,0.25,0.0,0.8444100426168661,0.0
B,26,direct,0.25,0.0,0.9212341385536061,0.0
B,28,direct,0.25,0.0,0.8480046677398905,0.0
B,50,direct,0.25,0.0,0.8576317329658965,0.0
B,0,direct,0.25,0.1,0.905056884224567,0.00043862797203319864
B,1,direct,0.25,0.1,0.918137035995875,0.0003255081404883852
B,7,direct,0.25,0.1,0.8981910328973188,0.0001958860638872798
B,11,direct,0.25,0.1,0.8960450188498263,0.00030138530454412786
B,12,direct,0.25,0.1,0.9094921815462781,0.000845351284164786
B,17,direct,0.25,0.1,0.9392565247733549,0.00030148639073091714
B,25,direct,0.25,0.1,0.844935691520003,0.0005256489031368208
B,26,direct,0.25,0.1,0.9218251449227925,0.0005910063691864201
B,28,direct,0.25,0.1,0.8483030139665836,0.0002983462266931223
B,50,direct,0.25,0.1,0.8582532328860859,0.0006214999201895206
B,0,direct,0.25,0.2,0.9054293454996071,0.0008110892470732944
B,1,direct,0.25,0.2,0.9184315711172953,0.0006200432619086749
B,7,direct,0.25,0.2,0.8983479413621777,0.00035279452874619117
B,11,direct,0.25,0.2,0.8963257112835865,0.000582077738304327
B,12,direct,0.25,0.2,0.9102733215440149,0.0016264912819016414
B,17,direct,0.25,0.2,0.939413056589196,0.0004580182065721085
B,25,direct,0.25,0.2,0.8454522857630122,0.0010422431461459775
B,26,direct,0.25,0.2,0.9223307636344057,0.0010966250807995603
B,28,direct,0.25,0.2,0.8485609646455037,0.000556296905613179
B,50,direct,0.25,0.2,0.8588539794258447,0.0012222464599483068
B,0,direct,0.25,0.35,0.905877256315248,0.0012590000627141229
B,1,direct,0.25,0.35,0.9187371681421278,0.0009256402867411542
B,7,direct,0.25,0.35,0.8985341037137748,0.0005389568803433317
B,11,direct,0.25,0.35,0.896685081295174,0.000941447749891804
B,12,direct,0.25,0.35,0.9113357416387103,0.002688911376597104
B,17,direct,0.25,0.35,0.9394720675340873,0.0005170291514633451
B,25,direct,0.25,0.35,0.8461900673725831,0.001780024755716896
B,26,direct,0.25,0.35,0.9229145413198147,0.0016804027662085839
B,28,direct,0.25,0.35,0.8488326149473513,0.000827947207460846
B,50,direct,0.25,0.35,0.8597178722236609,0.002086139257764543
B,0,direct,0.4,0.0,0.9045665619837895,-5.169426874425954e-05
B,1,direct,0.4,0.0,0.9172942399128008,-0.000517287942585843
B,7,direct,0.4,0.0,0.8975414157713756,-0.00045373106205589766
B,11,direct,0.4,0.0,0.8967949202699718,0.0010512867246895085
B,12,direct,0.4,0.0,0.9087136849087262,6.685464661286557e-05
B,17,direct,0.4,0.0,0.9380672790037763,-0.0008877593788476504
B,25,direct,0.4,0.0,0.8435207449174809,-0.0008892976993852902
B,26,direct,0.4,0.0,0.9206134729014461,-0.0006206656521599757
B,28,direct,0.4,0.0,0.8479380918813779,-6.657585851259904e-05
B,50,direct,0.4,0.0,0.8595882404166956,0.001956507450799177
B,0,direct,0.4,0.1,0.9050011629699901,0.0003829067174563198
B,1,direct,0.4,0.1,0.9176107237070233,-0.0002008041483633092
B,7,direct,0.4,0.1,0.8976916111938122,-0.00030353563961921384
B,11,direct,0.4,0.1,0.8970995001877837,0.0013558666425014354
B,12,direct,0.4,0.1,0.9095532199489176,0.0009063896868043729
B,17,direct,0.4,0.1,0.9383486359274137,-0.0006064024552102724
B,25,direct,0.4,0.1,0.8440616965170102,-0.00034834609985600495
B,26,direct,0.4,0.1,0.9212936378573766,5.949930377052823e-05
B,28,direct,0.4,0.1,0.8482292337931442,0.00022456605325367967
B,50,direct,0.4,0.1,0.8601999418527794,0.0025682088868829783
B,0,direct,0.4,0.2,0.905382449925306,0.0007641936727722473
B,1,direct,0.4,0.2,0.9178868735892405,7.534573385382615e-05
B,7,direct,0.4,0.2,0.8978033828293326,-0.0001917640040989508
B,11,direct,0.4,0.2,0.8973677822566721,0.0016241487113898626
B,12,direct,0.4,0.2,0.9103342455930198,0.0016874153309065093
B,17,direct,0.4,0.2,0.9385565352546913,-0.00039850312793268314
B,25,direct,0.4,0.2,0.8446000191550698,0.000189976538203644
B,26,direct,0.4,0.2,0.9218800499769322,0.0006459114233260339
B,28,direct,0.4,0.2,0.8484688895280952,0.00046422178820476297
B,50,direct,0.4,0.2,0.8607782619069195,0.0031465289410231795
B,0,direct,0.4,0.35,0.9058089007051984,0.001190644452664591
B,1,direct,0.4,0.35,0.9182357603451549,0.000424232489768238
B,7,direct,0.4,0.35,0.897900465881249,-9.468095218246967e-05
B,11,direct,0.4,0.35,0.8976782669312483,0.0019346333859660311
B,12,direct,0.4,0.35,0.9113831564195566,0.0027363261574432766
B,17,direct,0.4,0.35,0.9385416093245837,-0.0004134290580402709
B,25,direct,0.4,0.35,0.8453095493179112,0.0008995067010450588
B,26,direct,0.4,0.35,0.9226155505979946,0.0013814120443884676
B,28,direct,0.4,0.35,0.848777595947389,0.0007729282074984987
B,50,direct,0.4,0.35,0.8616145055007414,0.003982772534844957
