transport,year,nov_oct_raw_per_day,dec_oct_raw_per_day,nov_oct_calendar_adj,dec_oct_calendar_adj,nov_oct_adj_minus_T1,dec_oct_adj_minus_T1
Трамвай,2019,0.9516,1.1294,0.9911,1.1505,,
Трамвай,2022,1.0236,1.0154,1.0156,0.9965,,
Трамвай,2023,1.0521,1.0259,1.0593,1.0411,,
Трамвай,2024,0.983,1.0558,1.0082,1.1043,,
Трамвай,2025,0.9802,1.0423,1.0478,1.0636,1.0125,1.0098
Автобус,2019,0.9651,0.9667,1.0052,0.9848,,
Автобус,2022,1.0004,0.9836,0.9926,0.9653,,
Автобус,2023,1.0227,0.9939,1.0298,1.0087,,
Автобус,2024,1.0109,1.0045,1.0368,1.0507,,
Автобус,2025,0.9631,0.9902,1.0296,1.0103,,
Московский метрополитен,2019,0.9636,0.9955,1.0036,1.0141,,
Московский метрополитен,2022,1.0,1.007,0.9921,0.9883,,
Московский метрополитен,2023,1.0136,1.004,1.0206,1.0189,,
Московский метрополитен,2024,0.977,0.9939,1.0021,1.0396,,
Московский метрополитен,2025,0.9456,0.9966,1.0109,1.0169,,
