fold,mode,weight,gain
R04,causal_profile,0.2,-0.0005802096482572376
R04,joint_net,0.2,0.0003482465642302349
R04,causal_profile,0.35,-0.0011400857135634396
R04,joint_net,0.35,0.000285831970534619
R04,causal_profile,0.5,-0.0017657885889739322
R04,joint_net,0.5,1.594181553684031e-05
R05,causal_profile,0.2,-0.0003960375895886235
R05,joint_net,0.2,0.000965000555772005
R05,causal_profile,0.35,-0.0008969120636511253
R05,joint_net,0.35,0.001386023812833208
R05,causal_profile,0.5,-0.0015761849446777635
R05,joint_net,0.5,0.0015645503446115748
R06,causal_profile,0.2,-8.475300236801848e-05
R06,joint_net,0.2,0.0005168147474009911
R06,causal_profile,0.35,-0.00045278081347852435
R06,joint_net,0.35,0.0007377821913422756
R06,causal_profile,0.5,-0.001056012768468604
R06,joint_net,0.5,0.0008149608788043391
R07,causal_profile,0.2,0.0017390866199819637
R07,joint_net,0.2,-0.0006528195315179238
R07,causal_profile,0.35,0.002881157598931752
R07,joint_net,0.35,-0.0013819230429076687
R07,causal_profile,0.5,0.003863755497551675
R07,joint_net,0.5,-0.0022680720828410377
R08,causal_profile,0.2,-0.0004838469353032648
R08,joint_net,0.2,0.0017109763049492294
R08,causal_profile,0.35,-0.0009670259882001539
R08,joint_net,0.35,0.002743247908870208
R08,causal_profile,0.5,-0.0015322871210883935
R08,joint_net,0.5,0.0035475986032652506
B,causal_profile,0.2,-0.0008507621959286726
B,joint_net,0.2,0.0012141847307736082
B,causal_profile,0.35,-0.0018211883658251597
B,joint_net,0.35,0.0017595387990667999
B,causal_profile,0.5,-0.0030160617464043814
B,joint_net,0.5,0.0020254475664849446
