fold,shape_weight,gain_vs_v10,score
R04,0.35,0.0,0.8594936666720672
R04,0.5,-6.251253817303012e-05,0.8594311541338941
R04,0.65,-0.0002520884238035472,0.8592415782482636
R04,0.8,-0.0005702806622401916,0.858923386009827
R04,1.0,-0.0012009700100291804,0.858292696662038
R05,0.35,0.0,0.8582952316748663
R05,0.5,-0.0002077423272150475,0.8580874893476512
R05,0.65,-0.000589345454653851,0.8577058862202125
R05,0.8,-0.0011275018267907174,0.8571677298480755
R05,1.0,-0.0021247663426648277,0.8561704653322014
R06,0.35,0.0,0.8615872986926851
R06,0.5,-0.0002907750321654761,0.8612965236605197
R06,0.65,-0.0008148194529559956,0.8607724792397291
R06,0.8,-0.0015813539770368637,0.8600059447156483
R06,1.0,-0.0029523771711504375,0.8586349215215346
R07,0.35,0.0,0.8384204005099917
R07,0.5,0.0014619777005191559,0.8398823782105108
R07,0.65,0.002787584578887627,0.8412079850888794
R07,0.8,0.0039371028700752285,0.842357503380067
R07,1.0,0.005238743815417777,0.8436591443254094
R08,0.35,0.0,0.8619498269695277
R08,0.5,0.0016977505779493748,0.8636475775474771
R08,0.65,0.0031518516885741844,0.865101678658102
R08,0.8,0.004366607437571271,0.866316434407099
R08,1.0,0.005571735957711209,0.8675215629272389
B,0.35,0.0,0.9090248037722466
B,0.5,0.0006912205630240527,0.9097160243352705
B,0.65,0.001161557047317826,0.9101863608195644
B,0.8,0.0013865954894712277,0.9104113992617178
B,1.0,0.001336050568834873,0.9103608543410814
