fold,rank,weight,mode,gain,score
R06,2,0.25,joint,-0.0023668443618244765,0.8589194044484367
R06,2,0.25,shape,-0.00020675611341508965,0.861079492696846
R06,2,0.5,joint,-0.0051286516384310326,0.8561575971718302
R06,2,0.5,shape,-0.0005021268273104618,0.8607841219829506
R06,2,1.0,joint,-0.011668707627068084,0.8496175411831931
R06,2,1.0,shape,-0.0012505897740554316,0.8600356590362057
R06,6,0.25,joint,-0.0037581406313722163,0.8575281081788889
R06,6,0.25,shape,-0.00029631497170049784,0.8609899338385607
R06,6,0.5,joint,-0.009292174926916677,0.8519940738833445
R06,6,0.5,shape,-0.0008402376488744308,0.8604460111613867
R06,6,1.0,joint,-0.023601357643863126,0.837684891166398
R06,6,1.0,shape,-0.002439667827359994,0.8588465809829011
R07,2,0.25,joint,0.0015747234989581763,0.8360054359583621
R07,2,0.25,shape,-0.00013924971746001166,0.8342914627419439
R07,2,0.5,joint,0.00301391803681985,0.8374446304962238
R07,2,0.5,shape,-0.0002906249159110599,0.8341400875434928
R07,2,1.0,joint,0.0054865952298763015,0.8399173076892802
R07,2,1.0,shape,-0.000616251130613626,0.8338144613287903
R07,6,0.25,joint,0.0003059978897436648,0.8347367103491475
R07,6,0.25,shape,-0.0001820622353544009,0.8342486502240495
R07,6,0.5,joint,0.0001917953121228887,0.8346225077715268
R07,6,0.5,shape,-0.0005015327342926868,0.8339291797251112
R07,6,1.0,joint,-0.0010656777926008072,0.8333650346668031
R07,6,1.0,shape,-0.0015119151083944635,0.8329187973510095
R08,2,0.25,joint,0.00014825208237611816,0.8573172951026913
R08,2,0.25,shape,-7.299193289045947e-05,0.8570960510874248
R08,2,0.5,joint,0.00025546787760619794,0.8574245108979214
R08,2,0.5,shape,-0.00015154325046316846,0.8570174997698521
R08,2,1.0,joint,0.00030507043876254263,0.8574741134590778
R08,2,1.0,shape,-0.0003245350245841714,0.856844507995731
R08,6,0.25,joint,-0.00014799917543187026,0.8570210438448833
R08,6,0.25,shape,0.00012031472844570396,0.8572893577487609
R08,6,0.5,joint,-0.0004569987340743433,0.8567120442862408
R08,6,0.5,shape,0.0002018664352791464,0.8573709094555944
R08,6,1.0,joint,-0.0016096254570155118,0.8555594175632997
R08,6,1.0,shape,0.00024646092744297343,0.8574155039477582
B,2,0.25,joint,-0.00020827446356090984,0.9062004620406606
B,2,0.25,shape,-2.302933741210041e-05,0.9063857071668094
B,2,0.5,joint,-0.0005056447988605247,0.905903091705361
B,2,0.5,shape,-7.393314818554525e-05,0.906334803356036
B,2,1.0,joint,-0.0013219326098834012,0.9050868038943382
B,2,1.0,shape,-0.00024197582939623947,0.9061667606748254
B,6,0.25,joint,-0.0003090722276703524,0.9060996642765512
B,6,0.25,shape,0.00011751775660534468,0.9065262542608269
B,6,0.5,joint,-0.0008601676747096557,0.905548568829512
B,6,0.5,shape,0.00014940808876911358,0.9065581445929907
B,6,1.0,joint,-0.0031979582495252797,0.9032107782546963
B,6,1.0,shape,2.0361943683554643e-05,0.9064290984479051
