fold,block,weight,score,gain,converged,iterations,score_rmse,max_group_error,effective_scenarios,rho,scenarios
R06,6,0.5,0.8842570771207032,0.0003362690753203612,True,150,3.796834984151865e-08,0.24744840804487467,333.64909641607954,0.35,512
R06,6,1.0,0.8835291080809203,-0.00039169996446253297,True,150,3.796834984151865e-08,0.24744840804487467,333.64909641607954,0.35,512
R06,6,0.5,0.8849432327297927,0.0010224246844098284,True,145,2.7890420059888517e-08,0.19438777258619666,362.6707769984129,0.7,512
R06,6,1.0,0.8843151708801295,0.0003943628347465866,True,145,2.7890420059888517e-08,0.19438777258619666,362.6707769984129,0.7,512
R06,24,0.5,0.8837077810560544,-0.00021302698932845754,True,156,6.716637341274281e-08,0.6116263191215694,181.91280074029297,0.35,512
R06,24,1.0,0.880211731554511,-0.003709076490871821,True,156,6.716637341274281e-08,0.6116263191215694,181.91280074029297,0.35,512
R06,24,0.5,0.8850796399365753,0.00115883189119248,True,183,7.173495360697018e-08,0.7115571890026331,247.37329308429386,0.7,512
R06,24,1.0,0.8823774008330277,-0.0015434072123551301,True,183,7.173495360697018e-08,0.7115571890026331,247.37329308429386,0.7,512
R08,6,0.5,0.8915038919251709,0.0005687766507822545,True,126,2.197905904010202e-08,0.08926333440467715,359.3929779173189,0.35,512
R08,6,1.0,0.8913866915697813,0.0004515762953927194,True,126,2.197905904010202e-08,0.08926333440467715,359.3929779173189,0.35,512
R08,6,0.5,0.8916817019703769,0.0007465866959882606,True,150,2.7136470623858337e-08,0.07259091478772461,384.006278069841,0.7,512
R08,6,1.0,0.8913366631360841,0.0004015478616954393,True,150,2.7136470623858337e-08,0.07259091478772461,384.006278069841,0.7,512
R08,24,0.5,0.8905928556002107,-0.0003422596741778916,True,141,2.230319236789123e-08,0.8865648992359638,223.29171248389002,0.35,512
R08,24,1.0,0.8886895310880434,-0.0022455841863452397,True,141,2.230319236789123e-08,0.8865648992359638,223.29171248389002,0.35,512
R08,24,0.5,0.8902295753012144,-0.0007055399731742407,True,158,3.2499829069466616e-08,0.15886716591194272,261.02203252832874,0.7,512
R08,24,1.0,0.8870536408795816,-0.0038814743948070163,True,158,3.2499829069466616e-08,0.15886716591194272,261.02203252832874,0.7,512
B,6,0.5,0.9187834931980526,0.00017888251512909736,True,130,1.8886993900826726e-08,0.07038259226828814,387.0523784679731,0.35,512
B,6,1.0,0.9188990453048748,0.00029443462195122283,True,130,1.8886993900826726e-08,0.07038259226828814,387.0523784679731,0.35,512
B,6,0.5,0.9188448927850034,0.00024028210207982514,True,143,3.982837540942874e-08,0.22806834988296032,401.47871620952424,0.7,512
B,6,1.0,0.9189629949266491,0.00035838424372558464,True,143,3.982837540942874e-08,0.22806834988296032,401.47871620952424,0.7,512
B,24,0.5,0.9187529087879157,0.00014829810499217277,True,146,1.644468310678816e-08,0.35990888718515635,258.48516436718927,0.35,512
B,24,1.0,0.918634510987615,2.9900304691410362e-05,True,146,1.644468310678816e-08,0.35990888718515635,258.48516436718927,0.35,512
B,24,0.5,0.9188843352022693,0.0002797245193457698,True,175,3.378875518592498e-08,0.19295690581202507,284.89093099252057,0.7,512
B,24,1.0,0.9187846759833116,0.0001800653003880548,True,175,3.378875518592498e-08,0.19295690581202507,284.89093099252057,0.7,512
