name,target,predicted,error
T,12882776.954143452,12882777,0.045856548473238945
p11,1054235.0,1054235,0.0
p12,1211812.0,1211812,0.0
c50_nov,8330.7093195645,8331,0.2906804355006898
r50_11,587531.587163233,587532,0.41283676703460515
r7_11,653361.1905833036,653362,0.8094166964292526
r50_12,704249.6687030316,704250,0.3312969683902338
r7_12,688147.8142221768,688146,-1.8142221767921
dec29_30,348224.3577526712,348222,-2.3577526711742394
r12_11,921483.6369306273,921484,0.3630693727172911
r12_12,987058.4821328154,987059,0.5178671845933422
r11_11,909865.7128469915,909866,0.28715300851035863
r11_12,957907.8251111907,957908,0.17488880932796746
nov03_04,206256.14948111045,206257,0.8505188895505853
nov01,163615.88124329026,163616,0.11875670973677188
r17_nwd_11,426153.00531670166,426153,-0.005316701659467071
r17_nwd_12,336482.4647001688,336482,-0.4647001688135788
r5_12,84206.64787076328,84207,0.3521292367222486
h_wd_07_09,1811428.6376718984,1811427,-1.6376718983519822
h_wd_16_19,2365610.4419508204,2365611,0.5580491796135902
dec22_26_wd,983547.1509636522,983547,-0.15096365218050778
r7_dec20_31,245793.38155002304,245792,-1.3815500230412
01_r17_11_morning,253464.35583559124,253464,-0.3558355912391562
02_r17_11_evening,310251.0,310251,0.0
03_r17_12_morning,288352.231020909,288352,-0.2310209089773707
04_r17_12_evening,346857.7784366853,346858,0.2215633147279732
