file,observed,fitted
submission_ex_ante_route5.csv,0.8995,0.8994999887657161
submission_kaggle_v1_weather.csv,0.90236,0.902359991316763
submission_kaggle_v1.csv,0.90189,0.9018899955867498
submission_kaggle_unified_v2.csv,0.90358,0.9035799814076145
submission_future_facts_v3.csv,0.89817,0.898169982807803
round4/submit/01_combined_models.csv,0.90347,0.9034699810051092
round4/submit/02_catboost_20.csv,0.90343,0.9034299854389614
round4/submit/03_route5_weekly_fact.csv,0.90382,0.9038199977979816
round4/submit/04_route_kind_weights.csv,0.90344,0.9034400013845891
round4/submit/05_daily_optimal_25.csv,0.90394,0.903939985311208
round4/submit/06_restored_weekends.csv,0.90354,0.9035399937202414
submission_daily_route5_v4.csv,0.90418,0.9041800017015751
submission_arima_v5.csv,0.90309,0.9030899953555453
submission_shape_facts_v6.csv,0.90553,0.9055299824600129
submission_shape50_v7.csv,0.9057,0.9056999864006663
submission_joint_day_v8.csv,0.90555,0.905549993595752
submission_architecture_v9.csv,0.90543,0.9054299835381524
submission_seasonal_v10.csv,0.90731,0.907309989510888
submission_seasonal_daily_v11.csv,0.90741,0.9074099881725303
submission_v11_probe_rake.csv,0.90764,0.9076399945824449
submission_v11_probe_rake_r2.csv,0.90939,0.9093899956412861
submission_v11_probe_rake_r3.csv,0.90997,0.9099699888451196
submission_level_shape_v12.csv,0.89761,0.8976099994574264
submission_v11_level_s85_shape.csv,0.90274,0.902739983883672
submission_r17_measured_v13.csv,0.91048,0.9104799907276463
submission_memory_transport_v14.csv,0.90845,0.9084499868501751
submission_weak_tensor_v15.csv,0.90598,0.9059799752891959
submission_score_geometry_v16.csv,0.91036,0.9103599912366209
submission_entropy_scores_v17.csv,0.91223,0.9122299901890831
