fold,model,weight,baseline,score,gain
R04,fourier1_r10,0.25,0.8590116038218785,0.859568184792417,0.0005565809705385671
R04,fourier1_r10,0.5,0.8590116038218785,0.8592007133985167,0.00018910957663820227
R04,fourier1_r10,1.0,0.8590116038218785,0.8562179368078983,-0.0027936670139802056
R04,fourier1_r40,0.25,0.8590116038218785,0.8593945141137208,0.00038291029184234215
R04,fourier1_r40,0.5,0.8590116038218785,0.8595022251185894,0.000490621296710958
R04,fourier1_r40,1.0,0.8590116038218785,0.8589140467837152,-9.755703816327621e-05
R04,fourier2_r40,0.25,0.8590116038218785,0.859249678021944,0.00023807420006549673
R04,fourier2_r40,0.5,0.8590116038218785,0.859051670227292,4.006640541354134e-05
R04,fourier2_r40,1.0,0.8590116038218785,0.8575269266532727,-0.0014846771686057858
R04,fourier1_weather,0.25,0.8590116038218785,0.8595730298688633,0.0005614260469848364
R04,fourier1_weather,0.5,0.8590116038218785,0.8595352468201856,0.0005236429983070945
R04,fourier1_weather,1.0,0.8590116038218785,0.8580547698252364,-0.0009568339966420369
R04,analog60,0.25,0.8590116038218785,0.8582372348762979,-0.0007743689455805836
R04,analog60,0.5,0.8590116038218785,0.8570917418768178,-0.0019198619450606635
R04,analog60,1.0,0.8590116038218785,0.8538976092512547,-0.005113994570623781
R04,analog90,0.25,0.8590116038218785,0.8582556640093285,-0.000755939812549955
R04,analog90,0.5,0.8590116038218785,0.8569936777534679,-0.002017926068410558
R04,analog90,1.0,0.8590116038218785,0.8532769967995513,-0.005734607022327198
R04,analog60_weather,0.25,0.8590116038218785,0.8583288847966611,-0.0006827190252173265
R04,analog60_weather,0.5,0.8590116038218785,0.8573154678062659,-0.0016961360156125815
R04,analog60_weather,1.0,0.8590116038218785,0.8545548025040999,-0.0044568013177785915
R05,fourier1_r10,0.25,0.8580924217283226,0.8588806306582737,0.0007882089299511286
R05,fourier1_r10,0.5,0.8580924217283226,0.85872411289358,0.0006316911652574086
R05,fourier1_r10,1.0,0.8580924217283226,0.855665563849212,-0.0024268578791105666
R05,fourier1_r40,0.25,0.8580924217283226,0.8585593563860613,0.0004669346577387268
R05,fourier1_r40,0.5,0.8580924217283226,0.8585601346447918,0.00046771291646918733
R05,fourier1_r40,1.0,0.8580924217283226,0.8570437817671758,-0.0010486399611467911
R05,fourier2_r40,0.25,0.8580924217283226,0.8577344227386909,-0.0003579989896316249
R05,fourier2_r40,0.5,0.8580924217283226,0.856811929726474,-0.0012804920018485433
R05,fourier2_r40,1.0,0.8580924217283226,0.8531884349748771,-0.0049039867534454995
R05,fourier1_weather,0.25,0.8580924217283226,0.858780366785407,0.0006879450570844714
R05,fourier1_weather,0.5,0.8580924217283226,0.8587621248047164,0.0006697030763938017
R05,fourier1_weather,1.0,0.8580924217283226,0.8566718461550855,-0.0014205755732370484
R05,analog60,0.25,0.8580924217283226,0.8570306362287541,-0.0010617854995684795
R05,analog60,0.5,0.8580924217283226,0.8551671855885348,-0.00292523613978779
R05,analog60,1.0,0.8580924217283226,0.8490812289446362,-0.00901119278368634
R05,analog90,0.25,0.8580924217283226,0.8567267928514177,-0.0013656288769048341
R05,analog90,0.5,0.8580924217283226,0.8542726001751502,-0.003819821553172398
R05,analog90,1.0,0.8580924217283226,0.8460269750511409,-0.01206544667718168
R05,analog60_weather,0.25,0.8580924217283226,0.8573891394472829,-0.0007032822810396633
R05,analog60_weather,0.5,0.8580924217283226,0.8562907521607741,-0.0018016695675484584
R05,analog60_weather,1.0,0.8580924217283226,0.8527378314018385,-0.00535459032648411
R06,fourier1_r10,0.25,0.8612862488102612,0.8612889757011136,2.72689085245581e-06
R06,fourier1_r10,0.5,0.8612862488102612,0.8605561030952047,-0.0007301457150564739
R06,fourier1_r10,1.0,0.8612862488102612,0.8570943490447405,-0.004191899765520701
R06,fourier1_r40,0.25,0.8612862488102612,0.8614497980817327,0.00016354927147155252
R06,fourier1_r40,0.5,0.8612862488102612,0.8610751436690389,-0.00021110514122224533
R06,fourier1_r40,1.0,0.8612862488102612,0.8588179635355153,-0.0024682852747458517
R06,fourier2_r40,0.25,0.8612862488102612,0.8615975633005093,0.00031131449024812685
R06,fourier2_r40,0.5,0.8612862488102612,0.8605859856517105,-0.0007002631585506514
R06,fourier2_r40,1.0,0.8612862488102612,0.8548997097326241,-0.006386539077637088
R06,fourier1_weather,0.25,0.8612862488102612,0.8614436483146337,0.00015739950437254624
R06,fourier1_weather,0.5,0.8612862488102612,0.8609694188700272,-0.0003168299402339647
R06,fourier1_weather,1.0,0.8612862488102612,0.8582298420613906,-0.0030564067488705327
R06,analog60,0.25,0.8612862488102612,0.8609807653056011,-0.0003054835046600868
R06,analog60,0.5,0.8612862488102612,0.8595869789482316,-0.0016992698620296176
R06,analog60,1.0,0.8612862488102612,0.8541658882237237,-0.007120360586537422
R06,analog90,0.25,0.8612862488102612,0.8608285068604893,-0.00045774194977188376
R06,analog90,0.5,0.8612862488102612,0.8588304994671749,-0.002455749343086233
R06,analog90,1.0,0.8612862488102612,0.8509951816650515,-0.010291067145209665
R06,analog60_weather,0.25,0.8612862488102612,0.861096354703569,-0.00018989410669212337
R06,analog60_weather,0.5,0.8612862488102612,0.860101374646477,-0.0011848741637842108
R06,analog60_weather,1.0,0.8612862488102612,0.8561069475159102,-0.0051793012943509575
R07,fourier1_r10,0.25,0.8344307124594039,0.8359034314289897,0.0014727189695857845
R07,fourier1_r10,0.5,0.8344307124594039,0.8368485390018583,0.002417826542454371
R07,fourier1_r10,1.0,0.8344307124594039,0.8372167279208144,0.0027860154614104404
R07,fourier1_r40,0.25,0.8344307124594039,0.8365262281643213,0.0020955157049173945
R07,fourier1_r40,0.5,0.8344307124594039,0.8381558984573664,0.0037251859979624546
R07,fourier1_r40,1.0,0.8344307124594039,0.8401733088227674,0.005742596363363495
R07,fourier2_r40,0.25,0.8344307124594039,0.838026650619563,0.003595938160159129
R07,fourier2_r40,0.5,0.8344307124594039,0.8410856917410854,0.006654979281681461
R07,fourier2_r40,1.0,0.8344307124594039,0.8455342733307468,0.011103560871342899
R07,fourier1_weather,0.25,0.8344307124594039,0.8365699990046506,0.0021392865452466436
R07,fourier1_weather,0.5,0.8344307124594039,0.8381936575719438,0.0037629451125398283
R07,fourier1_weather,1.0,0.8344307124594039,0.839906665122379,0.00547595266297507
R07,analog60,0.25,0.8344307124594039,0.8387688473884312,0.0043381349290272375
R07,analog60,0.5,0.8344307124594039,0.8421745459532628,0.007743833493858876
R07,analog60,1.0,0.8344307124594039,0.8464144819003772,0.011983769440973235
R07,analog90,0.25,0.8344307124594039,0.8404933702000368,0.00606265774063286
R07,analog90,0.5,0.8344307124594039,0.8449791520870241,0.010548439627620199
R07,analog90,1.0,0.8344307124594039,0.8491051970749232,0.014674484615519234
R07,analog60_weather,0.25,0.8344307124594039,0.8390706827447372,0.00463997028533325
R07,analog60_weather,0.5,0.8344307124594039,0.842685377124542,0.008254664665138023
R07,analog60_weather,1.0,0.8344307124594039,0.8470001862471416,0.01256947378773765
R08,fourier1_r10,0.25,0.8571690430203152,0.8590255112438656,0.001856468223550456
R08,fourier1_r10,0.5,0.8571690430203152,0.8602900981122124,0.0031210550918971958
R08,fourier1_r10,1.0,0.8571690430203152,0.8608885711894304,0.0037195281691152493
R08,fourier1_r40,0.25,0.8571690430203152,0.8589523431363812,0.0017833001160660888
R08,fourier1_r40,0.5,0.8571690430203152,0.8603286184883825,0.0031595754680673327
R08,fourier1_r40,1.0,0.8571690430203152,0.8616320061881748,0.004462963167859657
R08,fourier2_r40,0.25,0.8571690430203152,0.8619820657757915,0.004813022755476348
R08,fourier2_r40,0.5,0.8571690430203152,0.8657395213466741,0.008570478326358932
R08,fourier2_r40,1.0,0.8571690430203152,0.8696537546635204,0.012484711643205193
R08,fourier1_weather,0.25,0.8571690430203152,0.8591997948604055,0.0020307518400903835
R08,fourier1_weather,0.5,0.8571690430203152,0.8607023875709379,0.003533344550622708
R08,fourier1_weather,1.0,0.8571690430203152,0.8619209179733804,0.004751874953065283
R08,analog60,0.25,0.8571690430203152,0.8587717124386284,0.0016026694183132184
R08,analog60,0.5,0.8571690430203152,0.8600549754791862,0.0028859324588710322
R08,analog60,1.0,0.8571690430203152,0.8615477293836706,0.004378686363355477
R08,analog90,0.25,0.8571690430203152,0.8604174330418353,0.003248390021520109
R08,analog90,0.5,0.8571690430203152,0.863188008642616,0.006018965622300865
R08,analog90,1.0,0.8571690430203152,0.8673125604739889,0.0101435174536737
R08,analog60_weather,0.25,0.8571690430203152,0.8597036186520458,0.002534575631730651
R08,analog60_weather,0.5,0.8571690430203152,0.8618732920014682,0.00470424898115307
R08,analog60_weather,1.0,0.8571690430203152,0.864912134859523,0.00774309183920785
B,fourier1_r10,0.25,0.9064087365042216,0.907913383982436,0.0015046474782144381
B,fourier1_r10,0.5,0.9064087365042216,0.9087890509781033,0.0023803144738816506
B,fourier1_r10,1.0,0.9064087365042216,0.9087213335746397,0.0023125970704180876
B,fourier1_r40,0.25,0.9064087365042216,0.9076506912119674,0.001241954707745796
B,fourier1_r40,0.5,0.9064087365042216,0.9084203368933125,0.002011600389090873
B,fourier1_r40,1.0,0.9064087365042216,0.9085072801490124,0.0020985436447907846
B,fourier2_r40,0.25,0.9064087365042216,0.9087177818415703,0.0023090453373486586
B,fourier2_r40,0.5,0.9064087365042216,0.9097925181339749,0.0033837816297532797
B,fourier2_r40,1.0,0.9064087365042216,0.9085060544636214,0.002097317959399825
B,fourier1_weather,0.25,0.9064087365042216,0.9078772043771031,0.0014684678728814626
B,fourier1_weather,0.5,0.9064087365042216,0.9087587900597621,0.002350053555540521
B,fourier1_weather,1.0,0.9064087365042216,0.908824260252245,0.0024155237480234515
B,analog60,0.25,0.9064087365042216,0.9054234535278904,-0.0009852829763311588
B,analog60,0.5,0.9064087365042216,0.9030500446317746,-0.0033586918724469728
B,analog60,1.0,0.9064087365042216,0.8951768916478808,-0.011231844856340767
B,analog90,0.25,0.9064087365042216,0.9057874399489781,-0.0006212965552434557
B,analog90,0.5,0.9064087365042216,0.9035371799032996,-0.002871556600921976
B,analog90,1.0,0.9064087365042216,0.8956707486599539,-0.010737987844267716
B,analog60_weather,0.25,0.9064087365042216,0.9061701464416566,-0.0002385900625649917
B,analog60_weather,0.5,0.9064087365042216,0.9050679836136095,-0.0013407528906120847
B,analog60_weather,1.0,0.9064087365042216,0.9004969909113316,-0.005911745592889983
