route,month,hour,before,after
1,11,0,72,87
1,11,1,0,0
1,11,2,0,0
1,11,3,0,0
1,11,4,173,165
1,11,5,2662,2669
1,11,6,11014,11047
1,11,7,32889,32708
1,11,8,42220,41826
1,11,9,35599,35327
1,11,10,34113,33859
1,11,11,34105,34373
1,11,12,36692,36740
1,11,13,37800,38144
1,11,14,36088,36410
1,11,15,36794,37337
1,11,16,37214,37501
1,11,17,41731,41794
1,11,18,40747,40493
1,11,19,31643,31225
1,11,20,20954,20757
1,11,21,12050,12095
1,11,22,4656,4633
1,11,23,1009,1035
1,12,0,91,104
1,12,1,0,0
1,12,2,0,0
1,12,3,0,0
1,12,4,219,199
1,12,5,3046,3085
1,12,6,12481,12735
1,12,7,37338,37092
1,12,8,48216,47314
1,12,9,39414,39174
1,12,10,37351,36941
1,12,11,37246,37775
1,12,12,39902,40102
1,12,13,41088,41513
1,12,14,39193,39609
1,12,15,40389,41119
1,12,16,41059,41290
1,12,17,46552,46435
1,12,18,45503,45088
1,12,19,35268,34675
1,12,20,22984,22723
1,12,21,12945,13108
1,12,22,4964,5075
1,12,23,1074,1167
5,11,0,0,0
5,11,1,0,0
5,11,2,0,0
5,11,3,0,0
5,11,4,0,0
5,11,5,0,0
5,11,6,0,0
5,11,7,0,0
5,11,8,0,0
5,11,9,0,0
5,11,10,0,0
5,11,11,0,0
5,11,12,0,0
5,11,13,0,0
5,11,14,0,0
5,11,15,0,0
5,11,16,0,0
5,11,17,0,0
5,11,18,0,0
5,11,19,0,0
5,11,20,0,0
5,11,21,0,0
5,11,22,0,0
5,11,23,0,0
5,12,0,90,90
5,12,1,0,0
5,12,2,0,0
5,12,3,0,0
5,12,4,10,10
5,12,5,227,227
5,12,6,1646,1646
5,12,7,5408,5408
5,12,8,8843,8843
5,12,9,6960,6960
5,12,10,5299,5299
5,12,11,4779,4779
5,12,12,4505,4505
5,12,13,4776,4776
5,12,14,4544,4544
5,12,15,5285,5285
5,12,16,5665,5665
5,12,17,7468,7468
5,12,18,7852,7852
5,12,19,4659,4659
5,12,20,3047,3047
5,12,21,2045,2045
5,12,22,831,831
5,12,23,487,487
7,11,0,2248,2238
7,11,1,449,462
7,11,2,0,0
7,11,3,0,0
7,11,4,25,26
7,11,5,3974,3921
7,11,6,13948,14066
7,11,7,33436,33506
7,11,8,52917,52967
7,11,9,41967,42347
7,11,10,40065,39905
7,11,11,38756,38651
7,11,12,43342,42866
7,11,13,41364,41213
7,11,14,43255,43497
7,11,15,44825,45105
7,11,16,45526,45801
7,11,17,55654,55844
7,11,18,56615,56707
7,11,19,39748,39626
7,11,20,27334,26984
7,11,21,17122,17036
7,11,22,8524,8450
7,11,23,5641,5517
7,12,0,2283,2262
7,12,1,478,488
7,12,2,0,0
7,12,3,0,0
7,12,4,29,27
7,12,5,4573,4566
7,12,6,15913,16558
7,12,7,38710,39008
7,12,8,60416,60480
7,12,9,47569,48567
7,12,10,46165,45905
7,12,11,44394,43939
7,12,12,49124,48067
7,12,13,47147,46669
7,12,14,49301,49200
7,12,15,50838,50814
7,12,16,51853,52262
7,12,17,63440,63926
7,12,18,64338,64688
7,12,19,45426,45657
7,12,20,30548,30076
7,12,21,19159,19006
7,12,22,9612,9395
7,12,23,6125,5881
11,11,0,2409,2426
11,11,1,117,118
11,11,2,0,0
11,11,3,0,0
11,11,4,0,0
11,11,5,6090,6182
11,11,6,32432,31387
11,11,7,52820,53140
11,11,8,69668,69974
11,11,9,57221,57502
11,11,10,50531,50568
11,11,11,52690,52973
11,11,12,55530,56081
11,11,13,56435,56635
11,11,14,57324,58259
11,11,15,55766,56587
11,11,16,59574,60440
11,11,17,72159,72655
11,11,18,71044,70350
11,11,19,56700,55303
11,11,20,37155,35908
11,11,21,23259,22772
11,11,22,11458,11301
11,11,23,7787,7608
11,12,0,2401,2460
11,12,1,96,91
11,12,2,0,0
11,12,3,0,0
11,12,4,0,0
11,12,5,6662,6960
11,12,6,35631,34100
11,12,7,59259,59370
11,12,8,78075,78156
11,12,9,62670,63118
11,12,10,54703,54345
11,12,11,55680,55763
11,12,12,58549,58826
11,12,13,59536,59975
11,12,14,60136,60950
11,12,15,58768,59929
11,12,16,63524,64802
11,12,17,77205,77895
11,12,18,77155,76807
11,12,19,61327,59660
11,12,20,39214,37943
11,12,21,24101,23794
11,12,22,11568,11532
11,12,23,7807,7591
12,11,0,1863,1836
12,11,1,71,70
12,11,2,0,0
12,11,3,0,0
12,11,4,145,145
12,11,5,7895,7630
12,11,6,34404,33491
12,11,7,60091,59751
12,11,8,76378,76965
12,11,9,59837,59765
12,11,10,52784,52610
12,11,11,51681,51900
12,11,12,53968,54347
12,11,13,56905,57118
12,11,14,53356,54031
12,11,15,58465,59234
12,11,16,69072,70075
12,11,17,74182,74541
12,11,18,74195,74239
12,11,19,57364,56722
12,11,20,38799,37929
12,11,21,26144,25562
12,11,22,13598,13296
12,11,23,7705,7645
12,12,0,1869,1870
12,12,1,73,74
12,12,2,0,0
12,12,3,0,0
12,12,4,168,161
12,12,5,8668,8277
12,12,6,38011,36371
12,12,7,67100,66416
12,12,8,85955,86338
12,12,9,65987,65550
12,12,10,57287,57197
12,12,11,55492,55911
12,12,12,57666,58262
12,12,13,60374,60677
12,12,14,56787,57957
12,12,15,62586,63633
12,12,16,74489,76105
12,12,17,80205,80804
12,12,18,80504,80848
12,12,19,62470,61715
12,12,20,41261,40161
12,12,21,27325,26432
12,12,22,13935,13557
12,12,23,7937,7833
17,11,0,4437,4385
17,11,1,502,502
17,11,2,0,0
17,11,3,0,0
17,11,4,511,524
17,11,5,7176,7191
17,11,6,34410,34319
17,11,7,92260,91958
17,11,8,117150,117789
17,11,9,94299,93887
17,11,10,81802,81362
17,11,11,87010,86762
17,11,12,90898,90932
17,11,13,94935,95108
17,11,14,96830,97326
17,11,15,97589,98845
17,11,16,105890,107488
17,11,17,119069,120009
17,11,18,117974,117881
17,11,19,87469,86348
17,11,20,63452,62387
17,11,21,41464,40815
17,11,22,21983,21470
17,11,23,11485,11307
17,12,0,4428,4351
17,12,1,485,484
17,12,2,0,0
17,12,3,0,0
17,12,4,592,613
17,12,5,7975,7986
17,12,6,38370,38191
17,12,7,103340,102399
17,12,8,131198,131809
17,12,9,102996,102391
17,12,10,87603,86890
17,12,11,91823,91296
17,12,12,94857,94826
17,12,13,98359,98403
17,12,14,100447,100768
17,12,15,101579,102916
17,12,16,111008,112935
17,12,17,126983,128100
17,12,18,126443,126942
17,12,19,93105,92205
17,12,20,66104,65190
17,12,21,42644,42068
17,12,22,21903,21646
17,12,23,11700,11533
25,11,0,106,105
25,11,1,0,0
25,11,2,0,0
25,11,3,0,0
25,11,4,0,0
25,11,5,484,479
25,11,6,6465,6363
25,11,7,11555,11582
25,11,8,19291,19489
25,11,9,11651,11525
25,11,10,9744,9712
25,11,11,12089,12023
25,11,12,12208,12120
25,11,13,15976,16057
25,11,14,15121,15166
25,11,15,18262,18330
25,11,16,19369,19600
25,11,17,19903,20278
25,11,18,19381,19263
25,11,19,15268,15111
25,11,20,9068,8824
25,11,21,6036,5927
25,11,22,2925,2939
25,11,23,562,571
25,12,0,81,79
25,12,1,0,0
25,12,2,0,0
25,12,3,0,0
25,12,4,0,0
25,12,5,559,523
25,12,6,7255,7111
25,12,7,13313,13486
25,12,8,22196,22580
25,12,9,13023,12957
25,12,10,10759,10727
25,12,11,13218,13092
25,12,12,13136,13049
25,12,13,17095,16950
25,12,14,15833,15788
25,12,15,19297,19166
25,12,16,20995,21326
25,12,17,21684,22155
25,12,18,21384,21326
25,12,19,16796,16545
25,12,20,9630,9370
25,12,21,6490,6340
25,12,22,3039,3187
25,12,23,506,532
26,11,0,1190,1173
26,11,1,46,47
26,11,2,0,0
26,11,3,0,0
26,11,4,54,53
26,11,5,2111,2137
26,11,6,11194,11000
26,11,7,24368,24310
26,11,8,47796,47776
26,11,9,33567,33757
26,11,10,31059,30889
26,11,11,31022,30841
26,11,12,31682,31899
26,11,13,32435,32850
26,11,14,35760,36035
26,11,15,35729,36006
26,11,16,38345,38697
26,11,17,42241,42306
26,11,18,42947,42702
26,11,19,29872,29760
26,11,20,19592,19140
26,11,21,12741,12605
26,11,22,5946,5827
26,11,23,4063,3950
26,12,0,1214,1182
26,12,1,45,47
26,12,2,0,0
26,12,3,0,0
26,12,4,59,58
26,12,5,2420,2455
26,12,6,12615,12518
26,12,7,27722,27611
26,12,8,54806,54456
26,12,9,37619,37964
26,12,10,34431,34253
26,12,11,33550,33375
26,12,12,34235,34536
26,12,13,35036,35551
26,12,14,38937,38809
26,12,15,39080,39301
26,12,16,42213,42571
26,12,17,46800,46907
26,12,18,47823,47756
26,12,19,33092,33247
26,12,20,21185,20775
26,12,21,13760,13546
26,12,22,6220,6097
26,12,23,4233,4080
28,11,0,8,11
28,11,1,0,0
28,11,2,0,0
28,11,3,0,0
28,11,4,24,25
28,11,5,1843,1795
28,11,6,5927,5802
28,11,7,17258,17250
28,11,8,26931,27354
28,11,9,19672,19893
28,11,10,16700,16602
28,11,11,15907,15738
28,11,12,19339,19173
28,11,13,19426,19408
28,11,14,18477,18567
28,11,15,18827,19005
28,11,16,22040,22287
28,11,17,25152,25216
28,11,18,23559,23472
28,11,19,18113,17709
28,11,20,12470,12350
28,11,21,8711,8682
28,11,22,3378,3390
28,11,23,326,359
28,12,0,8,14
28,12,1,0,0
28,12,2,0,0
28,12,3,0,0
28,12,4,30,30
28,12,5,2074,2014
28,12,6,6662,6522
28,12,7,19542,19521
28,12,8,30550,30890
28,12,9,21793,22192
28,12,10,18107,18092
28,12,11,17024,16831
28,12,12,20921,20633
28,12,13,20813,20810
28,12,14,19736,19750
28,12,15,20121,20241
28,12,16,23953,24164
28,12,17,27638,27719
28,12,18,25850,25762
28,12,19,19666,19299
28,12,20,13305,13199
28,12,21,9129,9100
28,12,22,3477,3554
28,12,23,346,408
50,11,0,817,833
50,11,1,78,84
50,11,2,0,0
50,11,3,0,0
50,11,4,69,69
50,11,5,1563,1491
50,11,6,10862,10700
50,11,7,34820,34410
50,11,8,55604,55870
50,11,9,45011,44820
50,11,10,35074,35064
50,11,11,32989,33163
50,11,12,31899,32207
50,11,13,33203,33381
50,11,14,32367,32596
50,11,15,36135,36601
50,11,16,37736,38006
50,11,17,48686,48853
50,11,18,48573,48380
50,11,19,30052,29787
50,11,20,20469,20056
50,11,21,14349,14097
50,11,22,5978,5903
50,11,23,3634,3597
50,12,0,1024,1077
50,12,1,101,112
50,12,2,0,0
50,12,3,0,0
50,12,4,86,83
50,12,5,1912,1822
50,12,6,13005,12924
50,12,7,41225,40787
50,12,8,65579,65771
50,12,9,53608,53285
50,12,10,42085,41912
50,12,11,40110,40380
50,12,12,38775,39202
50,12,13,40541,40592
50,12,14,39289,39388
50,12,15,43523,43944
50,12,16,45262,45307
50,12,17,57928,58383
50,12,18,57612,57955
50,12,19,36430,36219
50,12,20,24474,23883
50,12,21,17163,16776
50,12,22,7130,7116
50,12,23,4405,4349
