knots,weak,alpha,mean,min,selection
6,0,0.25,0.0006131418980134651,-0.00029315148938883877,0.00046656615331904574
6,0,0.5,-0.0007490510195692519,-0.0029146222236230757,-0.00220636213138079
6,0,0.75,-0.004103013109265043,-0.007654184291495249,-0.007930105255012667
6,0,1.0,-0.009320075667882026,-0.014295257687441465,-0.01646770451160276
6,1,0.25,0.0007167442458837275,-0.0007321881514146998,0.0003506501701763776
6,1,0.5,-0.0013267619651939882,-0.0048451232153245375,-0.003749323572856257
6,1,0.75,-0.005840507679279174,-0.011820451308947941,-0.011750733333753144
6,1,1.0,-0.01241064636945186,-0.02116761054897631,-0.022994451643940015
12,0,0.25,0.0018863635618400001,0.001067863680299,0.0024202954019895
12,0,0.5,-0.000945325092323912,-0.0037781273691341313,-0.0028343887768909775
12,0,0.75,-0.008093303999970816,-0.014282171546267581,-0.015234389773104606
12,0,1.0,-0.018944995094096802,-0.029108676506445295,-0.03349933334731945
12,1,0.25,0.0037394371235225953,0.001599347662221924,0.004539110954633557
12,1,0.5,0.004138438568902847,0.0013404987322766409,0.004808687935041168
12,1,0.75,0.00127690599935259,-0.0008669332365449252,0.0008434393810801275
12,1,1.0,-0.004516771459367785,-0.008275589619732761,-0.008654566269234165
