fold,scope,information,nonempty_aggregate_cells,baseline,score_with_truth_aggregates,gain_over_truth_route_month
R04,all,route_month,20,0.8598066852692726,0.8641755310907934,0.0
R04,regular,route_month,20,0.8611961822256347,0.8655788768937632,0.0
R04,all,route_month_kind,60,0.8598066852692726,0.9011370349221584,0.036961503831364956
R04,regular,route_month_kind,60,0.8611961822256347,0.9035045052073437,0.03792562831358044
R04,all,route_month_plus_network_day,81,0.8598066852692726,0.8697395941557533,0.0055640630649599525
R04,regular,route_month_plus_network_day,81,0.8611961822256347,0.8717462945277086,0.006167417633945267
R04,all,route_month_plus_network_hour,164,0.8598066852692726,0.8689976256807799,0.004822094589986513
R04,regular,route_month_plus_network_hour,164,0.8611961822256347,0.870906771279389,0.005327894385625773
R04,all,route_month_kind_3hour,480,0.8598066852692726,0.9093577301108536,0.04518219902006023
R04,regular,route_month_kind_3hour,480,0.8611961822256347,0.9114449335903748,0.04586605669661152
R04,all,route_week_kind,270,0.8598066852692726,0.9109707892080026,0.04679525811720913
R04,regular,route_week_kind,270,0.8611961822256347,0.9124465410223387,0.046867664128575445
R04,all,route_day,610,0.8598066852692726,0.9194240384225969,0.055248507331803566
R04,regular,route_day,610,0.8611961822256347,0.9210435425086878,0.055464665614924524
R04,all,route_day_plus_route_month_kind_3hour,1090,0.8598066852692726,0.9303613612806708,0.06618583018987746
R04,regular,route_day_plus_route_month_kind_3hour,1090,0.8611961822256347,0.9315099855538067,0.06593110866004351
R05,all,route_month,20,0.8596520068653227,0.8909565532630791,0.0
R05,regular,route_month,20,0.8632822835625636,0.893712178752743,0.0
R05,all,route_month_kind,60,0.8596520068653227,0.893305080274428,0.0023485270113489196
R05,regular,route_month_kind,60,0.8632822835625636,0.8953969876078381,0.001684808855095214
R05,all,route_month_plus_network_day,81,0.8596520068653227,0.9003062432895621,0.009349690026483018
R05,regular,route_month_plus_network_day,81,0.8632822835625636,0.9028232126185927,0.009111033865849695
R05,all,route_month_plus_network_hour,164,0.8596520068653227,0.8994946889911225,0.00853813572804348
R05,regular,route_month_plus_network_hour,164,0.8632822835625636,0.9021906769783573,0.00847849822561431
R05,all,route_month_kind_3hour,480,0.8596520068653227,0.9030581014251461,0.012101548162067004
R05,regular,route_month_kind_3hour,480,0.8632822835625636,0.905093008770991,0.011380830018247969
R05,all,route_week_kind,270,0.8596520068653227,0.9069129994582114,0.015956446195132295
R05,regular,route_week_kind,270,0.8632822835625636,0.9077171250775121,0.014004946324769119
R05,all,route_day,610,0.8596520068653227,0.9141061398003485,0.023149586537269427
R05,regular,route_day,610,0.8632822835625636,0.9151593766867899,0.021447197934046914
R05,all,route_day_plus_route_month_kind_3hour,1090,0.8596520068653227,0.9257381619303108,0.03478160866723171
R05,regular,route_day_plus_route_month_kind_3hour,1090,0.8632822835625636,0.9264140611503655,0.03270188239762252
R06,all,route_month,20,0.8617664183883473,0.8762192009553793,0.0
R06,regular,route_month,20,0.8694072824252723,0.8807146945967212,0.0
R06,all,route_month_kind,60,0.8617664183883473,0.8828984236911527,0.00667922273577329
R06,regular,route_month_kind,60,0.8694072824252723,0.8867481033071701,0.00603340871044889
R06,all,route_month_plus_network_day,81,0.8617664183883473,0.8871373911336626,0.010918190178283273
R06,regular,route_month_plus_network_day,81,0.8694072824252723,0.8916341940770877,0.010919499480366406
R06,all,route_month_plus_network_hour,164,0.8617664183883473,0.8872119635050251,0.01099276254964567
R06,regular,route_month_plus_network_hour,164,0.8694072824252723,0.8916887470000837,0.010974052403362461
R06,all,route_month_kind_3hour,480,0.8617664183883473,0.8911676023606907,0.014948401405311377
R06,regular,route_month_kind_3hour,480,0.8694072824252723,0.8950508845775309,0.014336189980809613
R06,all,route_week_kind,270,0.8617664183883473,0.9063228039537777,0.030103602998398406
R06,regular,route_week_kind,270,0.8694072824252723,0.9067582516419869,0.026043557045265595
R06,all,route_day,610,0.8617664183883473,0.9152006171012961,0.038981416145916686
R06,regular,route_day,610,0.8694072824252723,0.9159551108967302,0.035240416300008945
R06,all,route_day_plus_route_month_kind_3hour,1090,0.8617664183883473,0.9259882621963772,0.049769061240997815
R06,regular,route_day_plus_route_month_kind_3hour,1090,0.8694072824252723,0.9266043363774263,0.045889641780705016
R07,all,route_month,20,0.8400693894305004,0.873058769845235,0.0
R07,regular,route_month,20,0.8524708079728273,0.8833486933354212,0.0
R07,all,route_month_kind,60,0.8400693894305004,0.8850151179355594,0.011956348090324502
R07,regular,route_month_kind,60,0.8524708079728273,0.8874442381557316,0.004095544820310378
R07,all,route_month_plus_network_day,81,0.8400693894305004,0.8768506169084993,0.0037918470632643366
R07,regular,route_month_plus_network_day,81,0.8524708079728273,0.8857323898002055,0.0023836964647843684
R07,all,route_month_plus_network_hour,164,0.8400693894305004,0.8948651396050324,0.021806369759797523
R07,regular,route_month_plus_network_hour,164,0.8524708079728273,0.9039369995723074,0.020588306236886234
R07,all,route_month_kind_3hour,480,0.8400693894305004,0.9089813987734192,0.035922628928184284
R07,regular,route_month_kind_3hour,480,0.8524708079728273,0.9116379116622367,0.028289218326815597
R07,all,route_week_kind,270,0.8400693894305004,0.8945239201254239,0.021465150280188975
R07,regular,route_week_kind,270,0.8524708079728273,0.8950132754525105,0.011664582117089315
R07,all,route_day,610,0.8400693894305004,0.9001925644693627,0.027133794624127745
R07,regular,route_day,610,0.8524708079728273,0.9008259372180226,0.0174772438826014
R07,all,route_day_plus_route_month_kind_3hour,1090,0.8400693894305004,0.9265651317687832,0.05350636192354818
R07,regular,route_day_plus_route_month_kind_3hour,1090,0.8524708079728273,0.9271851269353363,0.04383643359991513
R08,all,route_month,20,0.8636493600902098,0.8754469806833914,0.0
R08,regular,route_month,20,0.8760798854156661,0.889227553942624,0.0
R08,all,route_month_kind,60,0.8636493600902098,0.8951083767274945,0.01966139604410308
R08,regular,route_month_kind,60,0.8760798854156661,0.8964836952353132,0.007256141292689141
R08,all,route_month_plus_network_day,81,0.8636493600902098,0.877696585054238,0.002249604370846524
R08,regular,route_month_plus_network_day,81,0.8760798854156661,0.8886242537794142,-0.0006033001632097704
R08,all,route_month_plus_network_hour,164,0.8636493600902098,0.8998018756561733,0.024354894972781916
R08,regular,route_month_plus_network_hour,164,0.8760798854156661,0.9107200941453392,0.0214925402027151
R08,all,route_month_kind_3hour,480,0.8636493600902098,0.9173092898195645,0.041862309136173025
R08,regular,route_month_kind_3hour,480,0.8760798854156661,0.9186025946835309,0.029375040740906865
R08,all,route_week_kind,260,0.8636493600902098,0.8978581850668953,0.0224112043835039
R08,regular,route_week_kind,260,0.8760798854156661,0.8988173232716856,0.0095897693290616
R08,all,route_day,610,0.8636493600902098,0.9039118676556391,0.02846488697224772
R08,regular,route_day,610,0.8760798854156661,0.904947612845378,0.01572005890275391
R08,all,route_day_plus_route_month_kind_3hour,1090,0.8636493600902098,0.9277148725730029,0.052267891889611444
R08,regular,route_day_plus_route_month_kind_3hour,1090,0.8760798854156661,0.9285054680722398,0.03927791412961571
B,all,route_month,10,0.9097525150959512,0.9165260654100302,0.0
B,regular,route_month,10,0.9120551740493579,0.9187629485302334,0.0
B,all,route_month_kind,30,0.9097525150959512,0.9191378578976422,0.0026117924876119577
B,regular,route_month_kind,30,0.9120551740493579,0.9209315731063759,0.002168624576142403
B,all,route_month_plus_network_day,41,0.9097525150959512,0.9184738861019516,0.0019478206919212632
B,regular,route_month_plus_network_day,41,0.9120551740493579,0.9205842455174069,0.0018212969871735506
B,all,route_month_plus_network_hour,82,0.9097525150959512,0.9231446959483757,0.006618630538345331
B,regular,route_month_plus_network_hour,82,0.9120551740493579,0.9252756949600283,0.006512746429794786
B,all,route_month_kind_3hour,240,0.9097525150959512,0.9255394556883647,0.009013390278334412
B,regular,route_month_kind_3hour,240,0.9120551740493579,0.9271657843018738,0.008402835771640416
B,all,route_week_kind,130,0.9097525150959512,0.9219654632119777,0.005439397801947373
B,regular,route_week_kind,130,0.9120551740493579,0.9232721979474061,0.004509249417172667
B,all,route_day,310,0.9097525150959512,0.9293086878273715,0.012782622417341242
B,regular,route_day,310,0.9120551740493579,0.9307106734718796,0.011947724941646242
B,all,route_day_plus_route_month_kind_3hour,550,0.9097525150959512,0.9370273858958338,0.020501320485803432
B,regular,route_day_plus_route_month_kind_3hour,550,0.9120551740493579,0.9381316271687397,0.01936867863850625
