date,sunrise,sunset,daylight_hours
2025-01-01,2025-01-01T08:59,2025-01-01T16:07,7.135
2025-01-02,2025-01-02T08:59,2025-01-02T16:08,7.160
2025-01-03,2025-01-03T08:58,2025-01-03T16:10,7.187
2025-01-04,2025-01-04T08:58,2025-01-04T16:11,7.216
2025-01-05,2025-01-05T08:57,2025-01-05T16:12,7.247
2025-01-06,2025-01-06T08:57,2025-01-06T16:14,7.279
2025-01-07,2025-01-07T08:56,2025-01-07T16:15,7.314
2025-01-08,2025-01-08T08:56,2025-01-08T16:17,7.350
2025-01-09,2025-01-09T08:55,2025-01-09T16:18,7.389
2025-01-10,2025-01-10T08:54,2025-01-10T16:20,7.429
2025-01-11,2025-01-11T08:53,2025-01-11T16:22,7.472
2025-01-12,2025-01-12T08:52,2025-01-12T16:23,7.516
2025-01-13,2025-01-13T08:51,2025-01-13T16:25,7.563
2025-01-14,2025-01-14T08:50,2025-01-14T16:27,7.611
2025-01-15,2025-01-15T08:49,2025-01-15T16:29,7.660
2025-01-16,2025-01-16T08:48,2025-01-16T16:31,7.711
2025-01-17,2025-01-17T08:47,2025-01-17T16:33,7.764
2025-01-18,2025-01-18T08:45,2025-01-18T16:34,7.817
2025-01-19,2025-01-19T08:44,2025-01-19T16:36,7.872
2025-01-20,2025-01-20T08:43,2025-01-20T16:38,7.928
2025-01-21,2025-01-21T08:41,2025-01-21T16:40,7.985
2025-01-22,2025-01-22T08:40,2025-01-22T16:42,8.043
2025-01-23,2025-01-23T08:38,2025-01-23T16:44,8.101
2025-01-24,2025-01-24T08:37,2025-01-24T16:47,8.161
2025-01-25,2025-01-25T08:35,2025-01-25T16:49,8.221
2025-01-26,2025-01-26T08:34,2025-01-26T16:51,8.282
2025-01-27,2025-01-27T08:32,2025-01-27T16:53,8.343
2025-01-28,2025-01-28T08:30,2025-01-28T16:55,8.406
2025-01-29,2025-01-29T08:28,2025-01-29T16:57,8.470
2025-01-30,2025-01-30T08:27,2025-01-30T16:59,8.535
2025-01-31,2025-01-31T08:25,2025-01-31T17:01,8.601
2025-02-01,2025-02-01T08:23,2025-02-01T17:03,8.669
2025-02-02,2025-02-02T08:21,2025-02-02T17:05,8.737
2025-02-03,2025-02-03T08:19,2025-02-03T17:08,8.806
2025-02-04,2025-02-04T08:17,2025-02-04T17:10,8.876
2025-02-05,2025-02-05T08:15,2025-02-05T17:12,8.946
2025-02-06,2025-02-06T08:13,2025-02-06T17:14,9.017
2025-02-07,2025-02-07T08:11,2025-02-07T17:16,9.088
2025-02-08,2025-02-08T08:09,2025-02-08T17:19,9.160
2025-02-09,2025-02-09T08:07,2025-02-09T17:21,9.233
2025-02-10,2025-02-10T08:05,2025-02-10T17:23,9.305
2025-02-11,2025-02-11T08:02,2025-02-11T17:25,9.378
2025-02-12,2025-02-12T08:00,2025-02-12T17:27,9.451
2025-02-13,2025-02-13T07:58,2025-02-13T17:30,9.524
2025-02-14,2025-02-14T07:56,2025-02-14T17:32,9.596
2025-02-15,2025-02-15T07:54,2025-02-15T17:34,9.669
2025-02-16,2025-02-16T07:51,2025-02-16T17:36,9.742
2025-02-17,2025-02-17T07:49,2025-02-17T17:38,9.815
2025-02-18,2025-02-18T07:47,2025-02-18T17:40,9.889
2025-02-19,2025-02-19T07:44,2025-02-19T17:42,9.964
2025-02-20,2025-02-20T07:42,2025-02-20T17:45,10.039
2025-02-21,2025-02-21T07:40,2025-02-21T17:47,10.115
2025-02-22,2025-02-22T07:37,2025-02-22T17:49,10.191
2025-02-23,2025-02-23T07:35,2025-02-23T17:51,10.267
2025-02-24,2025-02-24T07:32,2025-02-24T17:53,10.344
2025-02-25,2025-02-25T07:30,2025-02-25T17:55,10.421
2025-02-26,2025-02-26T07:28,2025-02-26T17:57,10.498
2025-02-27,2025-02-27T07:25,2025-02-27T18:00,10.576
2025-02-28,2025-02-28T07:23,2025-02-28T18:02,10.653
2025-03-01,2025-03-01T07:20,2025-03-01T18:04,10.730
2025-03-02,2025-03-02T07:17,2025-03-02T18:06,10.807
2025-03-03,2025-03-03T07:15,2025-03-03T18:08,10.885
2025-03-04,2025-03-04T07:12,2025-03-04T18:10,10.962
2025-03-05,2025-03-05T07:10,2025-03-05T18:12,11.039
2025-03-06,2025-03-06T07:07,2025-03-06T18:14,11.115
2025-03-07,2025-03-07T07:05,2025-03-07T18:16,11.191
2025-03-08,2025-03-08T07:02,2025-03-08T18:18,11.267
2025-03-09,2025-03-09T07:00,2025-03-09T18:21,11.344
2025-03-10,2025-03-10T06:57,2025-03-10T18:23,11.420
2025-03-11,2025-03-11T06:55,2025-03-11T18:25,11.497
2025-03-12,2025-03-12T06:52,2025-03-12T18:27,11.575
2025-03-13,2025-03-13T06:50,2025-03-13T18:29,11.652
2025-03-14,2025-03-14T06:47,2025-03-14T18:31,11.730
2025-03-15,2025-03-15T06:44,2025-03-15T18:33,11.808
2025-03-16,2025-03-16T06:42,2025-03-16T18:35,11.886
2025-03-17,2025-03-17T06:39,2025-03-17T18:37,11.964
2025-03-18,2025-03-18T06:36,2025-03-18T18:39,12.043
2025-03-19,2025-03-19T06:34,2025-03-19T18:41,12.121
2025-03-20,2025-03-20T06:31,2025-03-20T18:43,12.199
2025-03-21,2025-03-21T06:29,2025-03-21T18:45,12.277
2025-03-22,2025-03-22T06:26,2025-03-22T18:47,12.355
2025-03-23,2025-03-23T06:23,2025-03-23T18:49,12.432
2025-03-24,2025-03-24T06:21,2025-03-24T18:51,12.510
2025-03-25,2025-03-25T06:18,2025-03-25T18:53,12.587
2025-03-26,2025-03-26T06:15,2025-03-26T18:55,12.664
2025-03-27,2025-03-27T06:13,2025-03-27T18:57,12.740
2025-03-28,2025-03-28T06:10,2025-03-28T18:59,12.816
2025-03-29,2025-03-29T06:08,2025-03-29T19:01,12.893
2025-03-30,2025-03-30T06:05,2025-03-30T19:03,12.969
2025-03-31,2025-03-31T06:03,2025-03-31T19:05,13.046
2025-04-01,2025-04-01T06:00,2025-04-01T19:07,13.123
2025-04-02,2025-04-02T05:57,2025-04-02T19:09,13.200
2025-04-03,2025-04-03T05:55,2025-04-03T19:11,13.277
2025-04-04,2025-04-04T05:52,2025-04-04T19:13,13.354
2025-04-05,2025-04-05T05:50,2025-04-05T19:15,13.432
2025-04-06,2025-04-06T05:47,2025-04-06T19:17,13.509
2025-04-07,2025-04-07T05:44,2025-04-07T19:19,13.586
2025-04-08,2025-04-08T05:42,2025-04-08T19:21,13.663
2025-04-09,2025-04-09T05:39,2025-04-09T19:24,13.740
2025-04-10,2025-04-10T05:37,2025-04-10T19:26,13.817
2025-04-11,2025-04-11T05:34,2025-04-11T19:28,13.893
2025-04-12,2025-04-12T05:31,2025-04-12T19:30,13.969
2025-04-13,2025-04-13T05:29,2025-04-13T19:32,14.045
2025-04-14,2025-04-14T05:26,2025-04-14T19:34,14.120
2025-04-15,2025-04-15T05:24,2025-04-15T19:36,14.195
2025-04-16,2025-04-16T05:22,2025-04-16T19:38,14.270
2025-04-17,2025-04-17T05:19,2025-04-17T19:40,14.343
2025-04-18,2025-04-18T05:17,2025-04-18T19:42,14.417
2025-04-19,2025-04-19T05:14,2025-04-19T19:44,14.491
2025-04-20,2025-04-20T05:12,2025-04-20T19:46,14.565
2025-04-21,2025-04-21T05:09,2025-04-21T19:48,14.639
2025-04-22,2025-04-22T05:07,2025-04-22T19:50,14.713
2025-04-23,2025-04-23T05:05,2025-04-23T19:52,14.787
2025-04-24,2025-04-24T05:02,2025-04-24T19:54,14.860
2025-04-25,2025-04-25T05:00,2025-04-25T19:56,14.934
2025-04-26,2025-04-26T04:57,2025-04-26T19:58,15.007
2025-04-27,2025-04-27T04:55,2025-04-27T20:00,15.080
2025-04-28,2025-04-28T04:53,2025-04-28T20:02,15.152
2025-04-29,2025-04-29T04:50,2025-04-29T20:04,15.225
2025-04-30,2025-04-30T04:48,2025-04-30T20:06,15.296
2025-05-01,2025-05-01T04:46,2025-05-01T20:08,15.367
2025-05-02,2025-05-02T04:44,2025-05-02T20:10,15.438
2025-05-03,2025-05-03T04:41,2025-05-03T20:12,15.507
2025-05-04,2025-05-04T04:39,2025-05-04T20:14,15.576
2025-05-05,2025-05-05T04:37,2025-05-05T20:16,15.644
2025-05-06,2025-05-06T04:35,2025-05-06T20:18,15.711
2025-05-07,2025-05-07T04:33,2025-05-07T20:20,15.777
2025-05-08,2025-05-08T04:31,2025-05-08T20:22,15.843
2025-05-09,2025-05-09T04:29,2025-05-09T20:24,15.908
2025-05-10,2025-05-10T04:27,2025-05-10T20:25,15.973
2025-05-11,2025-05-11T04:25,2025-05-11T20:27,16.038
2025-05-12,2025-05-12T04:23,2025-05-12T20:29,16.102
2025-05-13,2025-05-13T04:21,2025-05-13T20:31,16.165
2025-05-14,2025-05-14T04:19,2025-05-14T20:33,16.227
2025-05-15,2025-05-15T04:17,2025-05-15T20:35,16.289
2025-05-16,2025-05-16T04:16,2025-05-16T20:37,16.350
2025-05-17,2025-05-17T04:14,2025-05-17T20:39,16.410
2025-05-18,2025-05-18T04:12,2025-05-18T20:40,16.469
2025-05-19,2025-05-19T04:10,2025-05-19T20:42,16.527
2025-05-20,2025-05-20T04:09,2025-05-20T20:44,16.584
2025-05-21,2025-05-21T04:07,2025-05-21T20:46,16.640
2025-05-22,2025-05-22T04:06,2025-05-22T20:47,16.695
2025-05-23,2025-05-23T04:04,2025-05-23T20:49,16.748
2025-05-24,2025-05-24T04:03,2025-05-24T20:51,16.799
2025-05-25,2025-05-25T04:01,2025-05-25T20:52,16.849
2025-05-26,2025-05-26T04:00,2025-05-26T20:54,16.898
2025-05-27,2025-05-27T03:58,2025-05-27T20:55,16.944
2025-05-28,2025-05-28T03:57,2025-05-28T20:57,16.990
2025-05-29,2025-05-29T03:56,2025-05-29T20:58,17.034
2025-05-30,2025-05-30T03:55,2025-05-30T21:00,17.076
2025-05-31,2025-05-31T03:54,2025-05-31T21:01,17.118
2025-06-01,2025-06-01T03:53,2025-06-01T21:02,17.157
2025-06-02,2025-06-02T03:52,2025-06-02T21:04,17.196
2025-06-03,2025-06-03T03:51,2025-06-03T21:05,17.232
2025-06-04,2025-06-04T03:50,2025-06-04T21:06,17.267
2025-06-05,2025-06-05T03:49,2025-06-05T21:07,17.301
2025-06-06,2025-06-06T03:48,2025-06-06T21:08,17.333
2025-06-07,2025-06-07T03:47,2025-06-07T21:09,17.362
2025-06-08,2025-06-08T03:47,2025-06-08T21:10,17.390
2025-06-09,2025-06-09T03:46,2025-06-09T21:11,17.416
2025-06-10,2025-06-10T03:46,2025-06-10T21:12,17.440
2025-06-11,2025-06-11T03:45,2025-06-11T21:13,17.462
2025-06-12,2025-06-12T03:45,2025-06-12T21:14,17.482
2025-06-13,2025-06-13T03:44,2025-06-13T21:15,17.500
2025-06-14,2025-06-14T03:44,2025-06-14T21:15,17.516
2025-06-15,2025-06-15T03:44,2025-06-15T21:16,17.529
2025-06-16,2025-06-16T03:44,2025-06-16T21:16,17.540
2025-06-17,2025-06-17T03:44,2025-06-17T21:17,17.549
2025-06-18,2025-06-18T03:44,2025-06-18T21:17,17.556
2025-06-19,2025-06-19T03:44,2025-06-19T21:17,17.560
2025-06-20,2025-06-20T03:44,2025-06-20T21:18,17.563
2025-06-21,2025-06-21T03:44,2025-06-21T21:18,17.563
2025-06-22,2025-06-22T03:44,2025-06-22T21:18,17.561
2025-06-23,2025-06-23T03:45,2025-06-23T21:18,17.557
2025-06-24,2025-06-24T03:45,2025-06-24T21:18,17.550
2025-06-25,2025-06-25T03:45,2025-06-25T21:18,17.542
2025-06-26,2025-06-26T03:46,2025-06-26T21:18,17.532
2025-06-27,2025-06-27T03:47,2025-06-27T21:18,17.519
2025-06-28,2025-06-28T03:47,2025-06-28T21:18,17.505
2025-06-29,2025-06-29T03:48,2025-06-29T21:17,17.488
2025-06-30,2025-06-30T03:49,2025-06-30T21:17,17.470
2025-07-01,2025-07-01T03:49,2025-07-01T21:16,17.449
2025-07-02,2025-07-02T03:50,2025-07-02T21:16,17.427
2025-07-03,2025-07-03T03:51,2025-07-03T21:15,17.403
2025-07-04,2025-07-04T03:52,2025-07-04T21:15,17.377
2025-07-05,2025-07-05T03:53,2025-07-05T21:14,17.349
2025-07-06,2025-07-06T03:54,2025-07-06T21:13,17.320
2025-07-07,2025-07-07T03:55,2025-07-07T21:12,17.288
2025-07-08,2025-07-08T03:56,2025-07-08T21:12,17.255
2025-07-09,2025-07-09T03:57,2025-07-09T21:11,17.219
2025-07-10,2025-07-10T03:59,2025-07-10T21:10,17.182
2025-07-11,2025-07-11T04:00,2025-07-11T21:09,17.142
2025-07-12,2025-07-12T04:01,2025-07-12T21:07,17.101
2025-07-13,2025-07-13T04:03,2025-07-13T21:06,17.059
2025-07-14,2025-07-14T04:04,2025-07-14T21:05,17.014
2025-07-15,2025-07-15T04:06,2025-07-15T21:04,16.969
2025-07-16,2025-07-16T04:07,2025-07-16T21:02,16.922
2025-07-17,2025-07-17T04:09,2025-07-17T21:01,16.873
2025-07-18,2025-07-18T04:10,2025-07-18T21:00,16.823
2025-07-19,2025-07-19T04:12,2025-07-19T20:58,16.773
2025-07-20,2025-07-20T04:13,2025-07-20T20:57,16.721
2025-07-21,2025-07-21T04:15,2025-07-21T20:55,16.668
2025-07-22,2025-07-22T04:17,2025-07-22T20:54,16.614
2025-07-23,2025-07-23T04:18,2025-07-23T20:52,16.559
2025-07-24,2025-07-24T04:20,2025-07-24T20:50,16.503
2025-07-25,2025-07-25T04:22,2025-07-25T20:49,16.447
2025-07-26,2025-07-26T04:24,2025-07-26T20:47,16.390
2025-07-27,2025-07-27T04:25,2025-07-27T20:45,16.331
2025-07-28,2025-07-28T04:27,2025-07-28T20:43,16.272
2025-07-29,2025-07-29T04:29,2025-07-29T20:41,16.211
2025-07-30,2025-07-30T04:31,2025-07-30T20:39,16.149
2025-07-31,2025-07-31T04:32,2025-07-31T20:37,16.086
2025-08-01,2025-08-01T04:34,2025-08-01T20:35,16.022
2025-08-02,2025-08-02T04:36,2025-08-02T20:33,15.957
2025-08-03,2025-08-03T04:38,2025-08-03T20:31,15.892
2025-08-04,2025-08-04T04:40,2025-08-04T20:29,15.825
2025-08-05,2025-08-05T04:42,2025-08-05T20:27,15.759
2025-08-06,2025-08-06T04:44,2025-08-06T20:25,15.691
2025-08-07,2025-08-07T04:46,2025-08-07T20:23,15.623
2025-08-08,2025-08-08T04:48,2025-08-08T20:21,15.555
2025-08-09,2025-08-09T04:50,2025-08-09T20:18,15.486
2025-08-10,2025-08-10T04:51,2025-08-10T20:16,15.417
2025-08-11,2025-08-11T04:53,2025-08-11T20:14,15.348
2025-08-12,2025-08-12T04:55,2025-08-12T20:12,15.278
2025-08-13,2025-08-13T04:57,2025-08-13T20:10,15.209
2025-08-14,2025-08-14T04:59,2025-08-14T20:07,15.139
2025-08-15,2025-08-15T05:01,2025-08-15T20:05,15.069
2025-08-16,2025-08-16T05:03,2025-08-16T20:03,14.999
2025-08-17,2025-08-17T05:05,2025-08-17T20:00,14.928
2025-08-18,2025-08-18T05:07,2025-08-18T19:58,14.856
2025-08-19,2025-08-19T05:09,2025-08-19T19:56,14.784
2025-08-20,2025-08-20T05:11,2025-08-20T19:53,14.711
2025-08-21,2025-08-21T05:13,2025-08-21T19:51,14.638
2025-08-22,2025-08-22T05:15,2025-08-22T19:48,14.564
2025-08-23,2025-08-23T05:17,2025-08-23T19:46,14.490
2025-08-24,2025-08-24T05:19,2025-08-24T19:43,14.416
2025-08-25,2025-08-25T05:20,2025-08-25T19:41,14.341
2025-08-26,2025-08-26T05:22,2025-08-26T19:38,14.267
2025-08-27,2025-08-27T05:24,2025-08-27T19:36,14.192
2025-08-28,2025-08-28T05:26,2025-08-28T19:33,14.117
2025-08-29,2025-08-29T05:28,2025-08-29T19:31,14.042
2025-08-30,2025-08-30T05:30,2025-08-30T19:28,13.967
2025-08-31,2025-08-31T05:32,2025-08-31T19:25,13.893
2025-09-01,2025-09-01T05:34,2025-09-01T19:23,13.818
2025-09-02,2025-09-02T05:36,2025-09-02T19:20,13.744
2025-09-03,2025-09-03T05:38,2025-09-03T19:18,13.669
2025-09-04,2025-09-04T05:40,2025-09-04T19:15,13.595
2025-09-05,2025-09-05T05:42,2025-09-05T19:13,13.520
2025-09-06,2025-09-06T05:44,2025-09-06T19:10,13.446
2025-09-07,2025-09-07T05:46,2025-09-07T19:08,13.370
2025-09-08,2025-09-08T05:48,2025-09-08T19:05,13.295
2025-09-09,2025-09-09T05:49,2025-09-09T19:02,13.219
2025-09-10,2025-09-10T05:51,2025-09-10T19:00,13.143
2025-09-11,2025-09-11T05:53,2025-09-11T18:57,13.066
2025-09-12,2025-09-12T05:55,2025-09-12T18:54,12.990
2025-09-13,2025-09-13T05:57,2025-09-13T18:52,12.913
2025-09-14,2025-09-14T05:59,2025-09-14T18:49,12.837
2025-09-15,2025-09-15T06:01,2025-09-15T18:46,12.760
2025-09-16,2025-09-16T06:03,2025-09-16T18:44,12.683
2025-09-17,2025-09-17T06:05,2025-09-17T18:41,12.607
2025-09-18,2025-09-18T06:07,2025-09-18T18:38,12.530
2025-09-19,2025-09-19T06:09,2025-09-19T18:36,12.454
2025-09-20,2025-09-20T06:11,2025-09-20T18:33,12.377
2025-09-21,2025-09-21T06:13,2025-09-21T18:31,12.301
2025-09-22,2025-09-22T06:15,2025-09-22T18:28,12.226
2025-09-23,2025-09-23T06:17,2025-09-23T18:25,12.150
2025-09-24,2025-09-24T06:18,2025-09-24T18:23,12.075
2025-09-25,2025-09-25T06:20,2025-09-25T18:20,12.000
2025-09-26,2025-09-26T06:22,2025-09-26T18:18,11.924
2025-09-27,2025-09-27T06:24,2025-09-27T18:15,11.848
2025-09-28,2025-09-28T06:26,2025-09-28T18:12,11.771
2025-09-29,2025-09-29T06:28,2025-09-29T18:10,11.695
2025-09-30,2025-09-30T06:30,2025-09-30T18:07,11.618
2025-10-01,2025-10-01T06:32,2025-10-01T18:04,11.542
2025-10-02,2025-10-02T06:34,2025-10-02T18:02,11.465
2025-10-03,2025-10-03T06:36,2025-10-03T17:59,11.388
2025-10-04,2025-10-04T06:38,2025-10-04T17:57,11.311
2025-10-05,2025-10-05T06:40,2025-10-05T17:54,11.234
2025-10-06,2025-10-06T06:42,2025-10-06T17:51,11.157
2025-10-07,2025-10-07T06:44,2025-10-07T17:49,11.081
2025-10-08,2025-10-08T06:46,2025-10-08T17:46,11.005
2025-10-09,2025-10-09T06:48,2025-10-09T17:44,10.928
2025-10-10,2025-10-10T06:50,2025-10-10T17:41,10.853
2025-10-11,2025-10-11T06:52,2025-10-11T17:39,10.777
2025-10-12,2025-10-12T06:54,2025-10-12T17:36,10.702
2025-10-13,2025-10-13T06:56,2025-10-13T17:34,10.627
2025-10-14,2025-10-14T06:58,2025-10-14T17:31,10.553
2025-10-15,2025-10-15T07:00,2025-10-15T17:29,10.479
2025-10-16,2025-10-16T07:02,2025-10-16T17:26,10.404
2025-10-17,2025-10-17T07:04,2025-10-17T17:24,10.330
2025-10-18,2025-10-18T07:06,2025-10-18T17:21,10.255
2025-10-19,2025-10-19T07:08,2025-10-19T17:19,10.180
2025-10-20,2025-10-20T07:10,2025-10-20T17:17,10.105
2025-10-21,2025-10-21T07:13,2025-10-21T17:14,10.030
2025-10-22,2025-10-22T07:15,2025-10-22T17:12,9.955
2025-10-23,2025-10-23T07:17,2025-10-23T17:09,9.880
2025-10-24,2025-10-24T07:19,2025-10-24T17:07,9.805
2025-10-25,2025-10-25T07:21,2025-10-25T17:05,9.731
2025-10-26,2025-10-26T07:23,2025-10-26T17:02,9.657
2025-10-27,2025-10-27T07:25,2025-10-27T17:00,9.583
2025-10-28,2025-10-28T07:27,2025-10-28T16:58,9.510
2025-10-29,2025-10-29T07:29,2025-10-29T16:56,9.438
2025-10-30,2025-10-30T07:31,2025-10-30T16:53,9.366
2025-10-31,2025-10-31T07:34,2025-10-31T16:51,9.294
2025-11-01,2025-11-01T07:36,2025-11-01T16:49,9.224
2025-11-02,2025-11-02T07:38,2025-11-02T16:47,9.154
2025-11-03,2025-11-03T07:40,2025-11-03T16:45,9.085
2025-11-04,2025-11-04T07:42,2025-11-04T16:43,9.017
2025-11-05,2025-11-05T07:44,2025-11-05T16:41,8.948
2025-11-06,2025-11-06T07:46,2025-11-06T16:39,8.880
2025-11-07,2025-11-07T07:48,2025-11-07T16:37,8.812
2025-11-08,2025-11-08T07:50,2025-11-08T16:35,8.744
2025-11-09,2025-11-09T07:52,2025-11-09T16:33,8.677
2025-11-10,2025-11-10T07:55,2025-11-10T16:31,8.610
2025-11-11,2025-11-11T07:57,2025-11-11T16:29,8.544
2025-11-12,2025-11-12T07:59,2025-11-12T16:27,8.478
2025-11-13,2025-11-13T08:01,2025-11-13T16:26,8.413
2025-11-14,2025-11-14T08:03,2025-11-14T16:24,8.349
2025-11-15,2025-11-15T08:05,2025-11-15T16:22,8.286
2025-11-16,2025-11-16T08:07,2025-11-16T16:20,8.223
2025-11-17,2025-11-17T08:09,2025-11-17T16:19,8.162
2025-11-18,2025-11-18T08:11,2025-11-18T16:17,8.102
2025-11-19,2025-11-19T08:13,2025-11-19T16:16,8.043
2025-11-20,2025-11-20T08:15,2025-11-20T16:14,7.986
2025-11-21,2025-11-21T08:17,2025-11-21T16:13,7.930
2025-11-22,2025-11-22T08:19,2025-11-22T16:11,7.876
2025-11-23,2025-11-23T08:21,2025-11-23T16:10,7.823
2025-11-24,2025-11-24T08:22,2025-11-24T16:09,7.772
2025-11-25,2025-11-25T08:24,2025-11-25T16:08,7.721
2025-11-26,2025-11-26T08:26,2025-11-26T16:06,7.672
2025-11-27,2025-11-27T08:28,2025-11-27T16:05,7.623
2025-11-28,2025-11-28T08:30,2025-11-28T16:04,7.576
2025-11-29,2025-11-29T08:31,2025-11-29T16:03,7.531
2025-11-30,2025-11-30T08:33,2025-11-30T16:02,7.486
2025-12-01,2025-12-01T08:35,2025-12-01T16:01,7.443
2025-12-02,2025-12-02T08:36,2025-12-02T16:01,7.402
2025-12-03,2025-12-03T08:38,2025-12-03T16:00,7.362
2025-12-04,2025-12-04T08:40,2025-12-04T15:59,7.324
2025-12-05,2025-12-05T08:41,2025-12-05T15:58,7.288
2025-12-06,2025-12-06T08:43,2025-12-06T15:58,7.254
2025-12-07,2025-12-07T08:44,2025-12-07T15:57,7.221
2025-12-08,2025-12-08T08:45,2025-12-08T15:57,7.191
2025-12-09,2025-12-09T08:47,2025-12-09T15:56,7.162
2025-12-10,2025-12-10T08:48,2025-12-10T15:56,7.136
2025-12-11,2025-12-11T08:49,2025-12-11T15:56,7.113
2025-12-12,2025-12-12T08:50,2025-12-12T15:56,7.091
2025-12-13,2025-12-13T08:51,2025-12-13T15:56,7.072
2025-12-14,2025-12-14T08:52,2025-12-14T15:56,7.055
2025-12-15,2025-12-15T08:53,2025-12-15T15:56,7.041
2025-12-16,2025-12-16T08:54,2025-12-16T15:56,7.028
2025-12-17,2025-12-17T08:55,2025-12-17T15:56,7.018
2025-12-18,2025-12-18T08:55,2025-12-18T15:56,7.010
2025-12-19,2025-12-19T08:56,2025-12-19T15:56,7.004
2025-12-20,2025-12-20T08:57,2025-12-20T15:57,7.001
2025-12-21,2025-12-21T08:57,2025-12-21T15:57,6.999
2025-12-22,2025-12-22T08:58,2025-12-22T15:58,7.000
2025-12-23,2025-12-23T08:58,2025-12-23T15:58,7.003
2025-12-24,2025-12-24T08:59,2025-12-24T15:59,7.008
2025-12-25,2025-12-25T08:59,2025-12-25T16:00,7.015
2025-12-26,2025-12-26T08:59,2025-12-26T16:01,7.024
2025-12-27,2025-12-27T08:59,2025-12-27T16:02,7.036
2025-12-28,2025-12-28T08:59,2025-12-28T16:02,7.050
2025-12-29,2025-12-29T08:59,2025-12-29T16:03,7.066
2025-12-30,2025-12-30T08:59,2025-12-30T16:04,7.084
2025-12-31,2025-12-31T08:59,2025-12-31T16:06,7.104
