start,end,routes,days,type,description,source,effect_in_data,status
2025-03-31,2025-04-06,1;7;11;12;17;25;26;28,all,data_anomaly,"7, 25, 26, 28 выше нормы на 15-70 %, 1, 11, 12, 17 ниже на 20-40 %; в новостях причины нет, похоже на сбой привязки валидаторов",https://t.me/s/DtOperativno,s02 anomalous_days.csv,исключать из обучения
2025-04-05,2025-04-13,17,weekends,closure,"17 укорочен до Останкино - Сельскохозяйственная ул. (ремонт на ул. Менжинского)",https://t.me/DtOperativno/20659,0.14-0.33 от нормы,подтверждено
2025-04-26,2025-04-27,17,weekends,closure,17 не работал (ремонт на пр-те Мира),https://t.me/DtOperativno/20884,673 и 323 посадки,подтверждено
2025-06-07,2025-06-15,12,weekends,detour,12 шёл через пр-т Будённого до МЦД Новогиреево,https://t.me/DtOperativno/21417,умеренное снижение,подтверждено
2025-07-10,2025-08-10,7,all,closure,7 укорочен до Бульвар Рокоссовского - Сокольники,https://t.me/DtOperativno/21735,будни 10.6 тыс. против 28 тыс.,подтверждено
2025-07-10,2025-08-10,50,all,merge,50 объединён с 13 (Метрогородок - Авиамоторная - ДК Компрессор),https://t.me/DtOperativno/21735,+10 % к весне,подтверждено
2025-09-06,2025-11-09,50,weekends,closure,50 по выходным не работал (ремонт Протопоповского пер.),https://t.me/DtOperativno/22624,около 0 посадок в выходные,подтверждено
2025-09-06,2025-11-09,7,weekends,closure,7 по выходным только Бульвар Рокоссовского - Каланчёвская,https://t.me/DtOperativno/22624,сб 0.38-0.43 и вс 0.31 от будня вместо 0.6 и 0.54,подтверждено
2025-09-22,2025-09-24,28,all,closure,оперативный ремонт на Живописной ул.; увеличенные интервалы и автобус 028,https://t.me/DtOperativno/22873,0.52-0.58 от нормы,подтверждено
2025-10-28,2025-11-24,7;50,all,night_limit,после 22:00 только до Каланчёвской,https://t.me/DtOperativno/23293,часы 22-23 у 7 минус 10-15 %,подтверждено
2025-11-01,2025-11-01,all,all,calendar,рабочая суббота (перенос на 03.11); сокращённый день,https://www.consultant.ru/law/ref/calendar/proizvodstvennye/2025/,в истории аналога нет,подтверждено
2025-11-02,2025-11-09,50;7,weekends,closure,"режим с 06.09 продолжается в выходные 02-04.11 и 08-09.11 (окна работ в Протопоповском пер.)",https://t.me/DtOperativno/23364,50 около 0; 7 сб 0.4 вс 0.31 от будня,вероятно
2025-11-12,2099-12-31,7;50,all,network,"запуск трамвайного диаметра Т1 (общий участок с 7 Преображенская пл. - Комсомольская, с 50 Красносельская - Комсомольская)",https://t.me/DtOperativno/23513,гипотеза: 7 минус 5-15 %,запуск подтверждён; эффект нет
2025-11-15,2099-12-31,50;7,weekends,restore,выходные 50 и 7 восстановлены до полной трассы,https://t.me/DtOperativno/23565,50: с 0 до сб 0.42 и вс 0.35 от будня; 7: сб 0.6 вс 0.54,подтверждено
2025-12-16,2099-12-31,5,all,network,"запуск маршрута 5 Рижская - Белорусский вокзал около 18:00; с 17.12 закрыты трамвай 9 и электробус с510",https://t.me/DtOperativno/24135,более 160 тыс. поездок за первый месяц (около 5 тыс. в сутки),подтверждено
2025-12-20,2025-12-20,7;11;12;50,all,stops,перенос остановок на новые платформы,https://t.me/DtOperativno/24240,около 0,подтверждено
2025-12-22,2025-12-28,all,workdays,demand,предновогодний пик поездок; ранний вечерний разъезд,https://t.me/DtOperativno/24280,плюс несколько процентов (качественно),подтверждено качественно
2025-12-27,2099-12-31,50;12,all,depot,"депо им. Баумана закрыто на реконструкцию, 50 выпускается с площадки ТРЗ; place_id вагонов может смениться",https://ttransport.ru/news/36409.html,для пассажиров около 0,подтверждено
2025-12-29,2025-12-30,all,workdays,demand,последние рабочие дни года,https://www.consultant.ru/law/ref/calendar/proizvodstvennye/2025/,оценка минус 10-25 % к будню,экспертная оценка
2025-12-31,2025-12-31,all,all,fare,"выходной; с 20:00 до 06:00 01.01 проезд бесплатный, валидаций около 0",https://www.mos.ru/news/item/164558073/,01.01.2025 часы 0-5: 0 0 0 0 5 25 валидаций,подтверждено
