mode,weight,evaluator,expected_gain
original,0.5,original,4.342274809978277e-05
original,0.5,centered,3.141325014093226e-05
original,0.5,quantile_risk,3.246256787431173e-05
original,1.0,original,6.94191294924658e-05
original,1.0,centered,4.3308256285947515e-05
original,1.0,quantile_risk,4.633608167602988e-05
centered,0.5,original,-9.889712067604433e-06
centered,0.5,centered,-6.4893271262088175e-06
centered,0.5,quantile_risk,-6.41590309232284e-06
centered,1.0,original,-5.714126507162089e-05
centered,1.0,centered,-5.075320914334832e-05
centered,1.0,quantile_risk,-5.223195758792531e-05
quantile_risk,0.5,original,1.4000349864376912e-05
quantile_risk,0.5,centered,1.8132200016378706e-05
quantile_risk,0.5,quantile_risk,4.546570524428451e-05
quantile_risk,1.0,original,1.89399432199426e-06
quantile_risk,1.0,centered,5.368042265489403e-06
quantile_risk,1.0,quantile_risk,6.137634192701893e-05
